date,gold_price,usd_idr,inflation,interest_rate
1/1/2015,549000,12385,0.0696,0.0775
1/2/2015,545000,12542.5,0.0696,0.0775
1/3/2015,545000,12542.5,0.0696,0.0775
1/4/2015,545000,12542.5,0.0696,0.0775
1/5/2015,545000,12627.5,0.0696,0.0775
1/6/2015,550000,12657.5,0.0696,0.0775
1/7/2015,557000,12738.5,0.0696,0.0775
1/8/2015,558000,12680,0.0696,0.0775
1/9/2015,557000,12651.5,0.0696,0.0775
1/10/2015,557000,12651.5,0.0696,0.0775
1/11/2015,557000,12651.5,0.0696,0.0775
1/12/2015,563000,12597.5,0.0696,0.0775
1/13/2015,561000,12597.5,0.0696,0.0775
1/14/2015,563000,12613,0.0696,0.0775
1/15/2015,561000,12560,0.0696,0.0775
1/16/2015,573000,12587.5,0.0696,0.0775
1/17/2015,581000,12587.5,0.0696,0.0775
1/18/2015,581000,12587.5,0.0696,0.0775
1/19/2015,580000,12618.5,0.0696,0.0775
1/20/2015,580000,12584,0.0696,0.0775
1/21/2015,584000,12480,0.0696,0.0775
1/22/2015,582000,12487.5,0.0696,0.0775
1/23/2015,581000,12472.5,0.0696,0.0775
1/24/2015,580000,12472.5,0.0696,0.0775
1/25/2015,580000,12472.5,0.0696,0.0775
1/26/2015,579000,12510,0.0696,0.0775
1/27/2015,575000,12476.5,0.0696,0.0775
1/28/2015,580000,12486,0.0696,0.0775
1/29/2015,578000,12567.5,0.0696,0.0775
1/30/2015,570000,12667.5,0.0696,0.0775
1/31/2015,583000,12667.5,0.0696,0.0775
2/1/2015,583000,12667.5,0.0629,0.075
2/2/2015,581000,12685,0.0629,0.075
2/3/2015,578000,12654,0.0629,0.075
2/4/2015,574000,12625,0.0629,0.075
2/5/2015,577000,12632.5,0.0629,0.075
2/6/2015,576000,12614.5,0.0629,0.075
2/7/2015,563000,12614.5,0.0629,0.075
2/8/2015,563000,12614.5,0.0629,0.075
2/9/2015,565000,12647.5,0.0629,0.075
2/10/2015,566000,12672.5,0.0629,0.075
2/11/2015,563000,12715,0.0629,0.075
2/12/2015,563000,12792.5,0.0629,0.075
2/13/2015,566000,12787.5,0.0629,0.075
2/14/2015,566000,12787.5,0.0629,0.075
2/15/2015,566000,12787.5,0.0629,0.075
2/16/2015,567000,12752.5,0.0629,0.075
2/17/2015,567000,12769.5,0.0629,0.075
2/18/2015,564000,12842.5,0.0629,0.075
2/19/2015,564000,12842.5,0.0629,0.075
2/20/2015,564000,12812.5,0.0629,0.075
2/21/2015,561000,12812.5,0.0629,0.075
2/22/2015,561000,12812.5,0.0629,0.075
2/23/2015,564000,12834.5,0.0629,0.075
2/24/2015,563000,12897.5,0.0629,0.075
2/25/2015,564000,12873.5,0.0629,0.075
2/26/2015,565000,12837.5,0.0629,0.075
2/27/2015,566000,12925,0.0629,0.075
2/28/2015,567000,12925,0.0629,0.075
3/1/2015,567000,12925,0.0638,0.075
3/2/2015,567000,12970,0.0638,0.075
3/3/2015,569000,12965,0.0638,0.075
3/4/2015,568000,12982.5,0.0638,0.075
3/5/2015,568000,12990,0.0638,0.075
3/6/2015,568000,12980,0.0638,0.075
3/7/2015,568000,12980,0.0638,0.075
3/8/2015,568000,12980,0.0638,0.075
3/9/2015,564000,13050,0.0638,0.075
3/10/2015,564000,13091.5,0.0638,0.075
3/11/2015,563000,13190.5,0.0638,0.075
3/12/2015,563000,13182.5,0.0638,0.075
3/13/2015,563000,13195,0.0638,0.075
3/14/2015,563000,13195,0.0638,0.075
3/15/2015,563000,13195,0.0638,0.075
3/16/2015,562000,13242,0.0638,0.075
3/17/2015,562000,13167.5,0.0638,0.075
3/18/2015,561000,13170,0.0638,0.075
3/19/2015,562000,13035,0.0638,0.075
3/20/2015,562000,13116,0.0638,0.075
3/21/2015,562000,13116,0.0638,0.075
3/22/2015,562000,13116,0.0638,0.075
3/23/2015,563000,13019.5,0.0638,0.075
3/24/2015,564000,12905,0.0638,0.075
3/25/2015,563000,12986,0.0638,0.075
3/26/2015,563000,13019,0.0638,0.075
3/27/2015,569000,13065,0.0638,0.075
3/28/2015,568000,13065,0.0638,0.075
3/29/2015,568000,13065,0.0638,0.075
3/30/2015,568000,13075,0.0638,0.075
3/31/2015,566000,13075,0.0638,0.075
4/1/2015,565000,13042.5,0.0679,0.075
4/2/2015,570000,13002.5,0.0679,0.075
4/3/2015,570000,13002.5,0.0679,0.075
4/4/2015,568000,13002.5,0.0679,0.075
4/5/2015,568000,13002.5,0.0679,0.075
4/6/2015,574000,12958.5,0.0679,0.075
4/7/2015,572000,12985,0.0679,0.075
4/8/2015,571000,12955,0.0679,0.075
4/9/2015,570000,12898,0.0679,0.075
4/10/2015,568000,12915,0.0679,0.075
4/11/2015,568000,12915,0.0679,0.075
4/12/2015,568000,12915,0.0679,0.075
4/13/2015,570000,12985,0.0679,0.075
4/14/2015,568000,12980.5,0.0679,0.075
4/15/2015,567000,12900.5,0.0679,0.075
4/16/2015,570000,12856,0.0679,0.075
4/17/2015,570000,12850,0.0679,0.075
4/18/2015,567000,12850,0.0679,0.075
4/19/2015,567000,12850,0.0679,0.075
4/20/2015,567000,12890,0.0679,0.075
4/21/2015,566000,12957.5,0.0679,0.075
4/22/2015,568000,12900,0.0679,0.075
4/23/2015,565000,12955,0.0679,0.075
4/24/2015,567000,12919.5,0.0679,0.075
4/25/2015,563000,12919.5,0.0679,0.075
4/26/2015,563000,12919.5,0.0679,0.075
4/27/2015,565000,12980,0.0679,0.075
4/28/2015,569000,12980,0.0679,0.075
4/29/2015,574000,12940,0.0679,0.075
4/30/2015,571000,12962.5,0.0679,0.075
5/1/2015,571000,12962.5,0.0715,0.075
5/2/2015,562000,12962.5,0.0715,0.075
5/3/2015,562000,12962.5,0.0715,0.075
5/4/2015,565000,12980,0.0715,0.075
5/5/2015,567000,13047.5,0.0715,0.075
5/6/2015,568000,13035,0.0715,0.075
5/7/2015,569000,13145,0.0715,0.075
5/8/2015,567000,13127.5,0.0715,0.075
5/9/2015,567000,13127.5,0.0715,0.075
5/10/2015,567000,13127.5,0.0715,0.075
5/11/2015,571000,13155,0.0715,0.075
5/12/2015,567000,13198,0.0715,0.075
5/13/2015,567000,13137.5,0.0715,0.075
5/14/2015,581000,13137.5,0.0715,0.075
5/15/2015,579000,13091,0.0715,0.075
5/16/2015,582000,13091,0.0715,0.075
5/17/2015,582000,13091,0.0715,0.075
5/18/2015,578000,13137,0.0715,0.075
5/19/2015,579000,13115.5,0.0715,0.075
5/20/2015,577000,13175,0.0715,0.075
5/21/2015,577000,13129.5,0.0715,0.075
5/22/2015,575000,13155,0.0715,0.075
5/23/2015,575000,13155,0.0715,0.075
5/24/2015,575000,13155,0.0715,0.075
5/25/2015,573000,13186.5,0.0715,0.075
5/26/2015,575000,13210,0.0715,0.075
5/27/2015,570000,13202,0.0715,0.075
5/28/2015,572000,13221.5,0.0715,0.075
5/29/2015,571000,13224,0.0715,0.075
5/30/2015,570000,13224,0.0715,0.075
5/31/2015,570000,13224,0.0715,0.075
6/1/2015,573000,13222.5,0.0726,0.075
6/2/2015,573000,13222.5,0.0726,0.075
6/3/2015,574000,13221,0.0726,0.075
6/4/2015,571000,13282,0.0726,0.075
6/5/2015,570000,13275.5,0.0726,0.075
6/6/2015,570000,13275.5,0.0726,0.075
6/7/2015,570000,13275.5,0.0726,0.075
6/8/2015,569000,13379.5,0.0726,0.075
6/9/2015,571000,13302.5,0.0726,0.075
6/10/2015,573000,13312.5,0.0726,0.075
6/11/2015,575000,13320.5,0.0726,0.075
6/12/2015,573000,13332.5,0.0726,0.075
6/13/2015,574000,13332.5,0.0726,0.075
6/14/2015,574000,13332.5,0.0726,0.075
6/15/2015,574000,13335,0.0726,0.075
6/16/2015,575000,13353,0.0726,0.075
6/17/2015,574000,13367.5,0.0726,0.075
6/18/2015,576000,13305,0.0726,0.075
6/19/2015,580000,13331.5,0.0726,0.075
6/20/2015,578000,13331.5,0.0726,0.075
6/21/2015,578000,13331.5,0.0726,0.075
6/22/2015,579000,13310,0.0726,0.075
6/23/2015,575000,13255,0.0726,0.075
6/24/2015,572000,13303.5,0.0726,0.075
6/25/2015,571000,13327.5,0.0726,0.075
6/26/2015,572000,13310,0.0726,0.075
6/27/2015,569000,13310,0.0726,0.075
6/28/2015,569000,13310,0.0726,0.075
6/29/2015,575000,13345,0.0726,0.075
6/30/2015,574000,13332.5,0.0726,0.075
7/1/2015,572000,13326,0.0726,0.075
7/2/2015,570000,13337.5,0.0726,0.075
7/3/2015,569000,13320,0.0726,0.075
7/4/2015,567000,13320,0.0726,0.075
7/5/2015,567000,13320,0.0726,0.075
7/6/2015,570000,13349.5,0.0726,0.075
7/7/2015,570000,13327.5,0.0726,0.075
7/8/2015,570000,13345,0.0726,0.075
7/9/2015,570000,13336,0.0726,0.075
7/10/2015,571000,13313.5,0.0726,0.075
7/11/2015,573000,13313.5,0.0726,0.075
7/12/2015,573000,13313.5,0.0726,0.075
7/13/2015,571000,13300,0.0726,0.075
7/14/2015,570000,13335,0.0726,0.075
7/15/2015,570000,13344.5,0.0726,0.075
7/16/2015,570000,13344.5,0.0726,0.075
7/17/2015,570000,13344.5,0.0726,0.075
7/18/2015,570000,13344.5,0.0726,0.075
7/19/2015,570000,13344.5,0.0726,0.075
7/20/2015,570000,13344.5,0.0726,0.075
7/21/2015,570000,13344.5,0.0726,0.075
7/22/2015,567000,13377.5,0.0726,0.075
7/23/2015,567000,13422.5,0.0726,0.075
7/24/2015,567000,13445,0.0726,0.075
7/25/2015,567000,13445,0.0726,0.075
7/26/2015,567000,13445,0.0726,0.075
7/27/2015,567000,13459,0.0726,0.075
7/28/2015,567000,13462.5,0.0726,0.075
7/29/2015,567000,13456,0.0726,0.075
7/30/2015,567000,13467.5,0.0726,0.075
7/31/2015,567000,13527.5,0.0726,0.075
8/1/2015,567000,13527.5,0.0718,0.075
8/2/2015,567000,13527.5,0.0718,0.075
8/3/2015,567000,13500,0.0718,0.075
8/4/2015,567000,13485.5,0.0718,0.075
8/5/2015,567000,13514,0.0718,0.075
8/6/2015,567000,13541.5,0.0718,0.075
8/7/2015,566000,13539.5,0.0718,0.075
8/8/2015,567000,13539.5,0.0718,0.075
8/9/2015,567000,13539.5,0.0718,0.075
8/10/2015,566000,13549,0.0718,0.075
8/11/2015,566000,13600,0.0718,0.075
8/12/2015,567000,13785,0.0718,0.075
8/13/2015,568000,13745,0.0718,0.075
8/14/2015,567000,13787.5,0.0718,0.075
8/15/2015,567000,13787.5,0.0718,0.075
8/16/2015,567000,13787.5,0.0718,0.075
8/17/2015,567000,13787.5,0.0718,0.075
8/18/2015,567000,13818,0.0718,0.075
8/19/2015,568000,13842.5,0.0718,0.075
8/20/2015,572000,13870,0.0718,0.075
8/21/2015,580000,13942.5,0.0718,0.075
8/22/2015,586000,13942.5,0.0718,0.075
8/23/2015,580000,13942.5,0.0718,0.075
8/24/2015,583000,14047,0.0718,0.075
8/25/2015,584000,14065,0.0718,0.075
8/26/2015,583000,14122.5,0.0718,0.075
8/27/2015,578000,13992.5,0.0718,0.075
8/28/2015,578000,13982.5,0.0718,0.075
8/29/2015,574000,13982.5,0.0718,0.075
8/30/2015,574000,13982.5,0.0718,0.075
8/31/2015,577000,14050,0.0718,0.075
9/1/2015,578000,14097.5,0.0683,0.075
9/2/2015,580000,14130,0.0683,0.075
9/3/2015,580000,14169,0.0683,0.075
9/4/2015,578000,14165,0.0683,0.075
9/5/2015,578000,14165,0.0683,0.075
9/6/2015,578000,14165,0.0683,0.075
9/7/2015,577000,14247.5,0.0683,0.075
9/8/2015,579000,14280,0.0683,0.075
9/9/2015,581000,14261.5,0.0683,0.075
9/10/2015,576000,14332.5,0.0683,0.075
9/11/2015,580000,14330,0.0683,0.075
9/12/2015,578000,14330,0.0683,0.075
9/13/2015,578000,14330,0.0683,0.075
9/14/2015,577000,14347.5,0.0683,0.075
9/15/2015,579000,14407.5,0.0683,0.075
9/16/2015,579000,14455,0.0683,0.075
9/17/2015,585000,14457.5,0.0683,0.075
9/18/2015,590000,14375,0.0683,0.075
9/19/2015,591000,14375,0.0683,0.075
9/20/2015,591000,14375,0.0683,0.075
9/21/2015,593000,14455,0.0683,0.075
9/22/2015,591000,14497.5,0.0683,0.075
9/23/2015,589000,14647.5,0.0683,0.075
9/24/2015,589000,14647.5,0.0683,0.075
9/25/2015,606000,14685,0.0683,0.075
9/26/2015,604000,14685,0.0683,0.075
9/27/2015,604000,14685,0.0683,0.075
9/28/2015,606000,14697.5,0.0683,0.075
9/29/2015,601000,14682.5,0.0683,0.075
9/30/2015,600000,14650,0.0683,0.075
10/1/2015,596000,14670,0.0625,0.075
10/2/2015,594000,14642.5,0.0625,0.075
10/3/2015,600000,14642.5,0.0625,0.075
10/4/2015,600000,14642.5,0.0625,0.075
10/5/2015,601000,14495,0.0625,0.075
10/6/2015,597000,14245.5,0.0625,0.075
10/7/2015,597000,13825,0.0625,0.075
10/8/2015,592000,13867.5,0.0625,0.075
10/9/2015,587000,13420,0.0625,0.075
10/10/2015,572000,13420,0.0625,0.075
10/11/2015,572000,13420,0.0625,0.075
10/12/2015,576000,13405,0.0625,0.075
10/13/2015,577000,13619.5,0.0625,0.075
10/14/2015,577000,13619.5,0.0625,0.075
10/15/2015,588000,13455,0.0625,0.075
10/16/2015,583000,13530,0.0625,0.075
10/17/2015,581000,13530,0.0625,0.075
10/18/2015,581000,13530,0.0625,0.075
10/19/2015,586000,13531.5,0.0625,0.075
10/20/2015,583000,13645,0.0625,0.075
10/21/2015,585000,13717,0.0625,0.075
10/22/2015,583000,13657.5,0.0625,0.075
10/23/2015,580000,13635,0.0625,0.075
10/24/2015,578000,13635,0.0625,0.075
10/25/2015,578000,13635,0.0625,0.075
10/26/2015,578000,13645,0.0625,0.075
10/27/2015,579000,13622.5,0.0625,0.075
10/28/2015,579000,13477.5,0.0625,0.075
10/29/2015,578000,13635,0.0625,0.075
10/30/2015,572000,13687.5,0.0625,0.075
10/31/2015,573000,13687.5,0.0625,0.075
11/1/2015,573000,13687.5,0.0489,0.075
11/2/2015,572000,13667.5,0.0489,0.075
11/3/2015,571000,13555,0.0489,0.075
11/4/2015,570000,13555,0.0489,0.075
11/5/2015,570000,13565,0.0489,0.075
11/6/2015,570000,13560,0.0489,0.075
11/7/2015,570000,13560,0.0489,0.075
11/8/2015,570000,13560,0.0489,0.075
11/9/2015,570000,13647.5,0.0489,0.075
11/10/2015,570000,13609.5,0.0489,0.075
11/11/2015,570000,13602.5,0.0489,0.075
11/12/2015,570000,13602.5,0.0489,0.075
11/13/2015,569000,13665,0.0489,0.075
11/14/2015,569000,13665,0.0489,0.075
11/15/2015,569000,13665,0.0489,0.075
11/16/2015,569000,13727.5,0.0489,0.075
11/17/2015,569000,13747.5,0.0489,0.075
11/18/2015,569000,13799.5,0.0489,0.075
11/19/2015,569000,13777.5,0.0489,0.075
11/20/2015,569000,13655,0.0489,0.075
11/21/2015,568000,13655,0.0489,0.075
11/22/2015,569000,13655,0.0489,0.075
11/23/2015,569000,13723,0.0489,0.075
11/24/2015,568000,13707.5,0.0489,0.075
11/25/2015,568000,13687.5,0.0489,0.075
11/26/2015,567000,13728.5,0.0489,0.075
11/27/2015,568000,13780,0.0489,0.075
11/28/2015,567000,13780,0.0489,0.075
11/29/2015,567000,13780,0.0489,0.075
11/30/2015,566000,13835,0.0489,0.075
12/1/2015,567000,13782.5,0.0335,0.075
12/2/2015,567000,13797.5,0.0335,0.075
12/3/2015,566000,13843.5,0.0335,0.075
12/4/2015,567000,13832,0.0335,0.075
12/5/2015,566000,13832,0.0335,0.075
12/6/2015,566000,13832,0.0335,0.075
12/7/2015,568000,13842.5,0.0335,0.075
12/8/2015,567000,13872.5,0.0335,0.075
12/9/2015,567000,13872.5,0.0335,0.075
12/10/2015,567000,13935,0.0335,0.075
12/11/2015,568000,13947.5,0.0335,0.075
12/12/2015,568000,13947.5,0.0335,0.075
12/13/2015,568000,13947.5,0.0335,0.075
12/14/2015,568000,14077.5,0.0335,0.075
12/15/2015,567000,14056.5,0.0335,0.075
12/16/2015,567000,14069.5,0.0335,0.075
12/17/2015,567000,14006.5,0.0335,0.075
12/18/2015,566000,13917.5,0.0335,0.075
12/19/2015,566000,13917.5,0.0335,0.075
12/20/2015,566000,13917.5,0.0335,0.075
12/21/2015,567000,13772.5,0.0335,0.075
12/22/2015,567000,13675,0.0335,0.075
12/23/2015,565000,13642.5,0.0335,0.075
12/24/2015,565000,13642.5,0.0335,0.075
12/25/2015,565000,13642.5,0.0335,0.075
12/26/2015,565000,13642.5,0.0335,0.075
12/27/2015,565000,13642.5,0.0335,0.075
12/28/2015,565000,13650,0.0335,0.075
12/29/2015,565000,13745,0.0335,0.075
12/30/2015,565000,13782.5,0.0335,0.075
12/31/2015,565000,13787.5,0.0335,0.075
1/1/2016,565000,13787.5,0.0414,0.0725
1/2/2016,565000,13787.5,0.0414,0.0725
1/3/2016,565000,13787.5,0.0414,0.0725
1/4/2016,565000,13915,0.0414,0.0725
1/5/2016,566000,13862.5,0.0414,0.0725
1/6/2016,566000,13947.5,0.0414,0.0725
1/7/2016,567000,13927.5,0.0414,0.0725
1/8/2016,569000,13922.5,0.0414,0.0725
1/9/2016,568000,13922.5,0.0414,0.0725
1/10/2016,568000,13922.5,0.0414,0.0725
1/11/2016,568000,13875,0.0414,0.0725
1/12/2016,567000,13910,0.0414,0.0725
1/13/2016,565000,13827.5,0.0414,0.0725
1/14/2016,566000,13910,0.0414,0.0725
1/15/2016,563000,13894.5,0.0414,0.0725
1/16/2016,562000,13894.5,0.0414,0.0725
1/17/2016,562000,13894.5,0.0414,0.0725
1/18/2016,565000,13932.5,0.0414,0.0725
1/19/2016,565000,13880,0.0414,0.0725
1/20/2016,565000,13960,0.0414,0.0725
1/21/2016,567000,13910,0.0414,0.0725
1/22/2016,567000,13850,0.0414,0.0725
1/23/2016,565000,13850,0.0414,0.0725
1/24/2016,565000,13850,0.0414,0.0725
1/25/2016,564000,13872.5,0.0414,0.0725
1/26/2016,567000,13900,0.0414,0.0725
1/27/2016,572000,13878.5,0.0414,0.0725
1/28/2016,573000,13874.5,0.0414,0.0725
1/29/2016,570000,13775,0.0414,0.0725
1/30/2016,568000,13775,0.0414,0.0725
1/31/2016,568000,13775,0.0414,0.0725
2/1/2016,568000,13637.5,0.0442,0.07
2/2/2016,567000,13687.5,0.0442,0.07
2/3/2016,566000,13765,0.0442,0.07
2/4/2016,570000,13637.5,0.0442,0.07
2/5/2016,572000,13625,0.0442,0.07
2/6/2016,578000,13625,0.0442,0.07
2/7/2016,578000,13625,0.0442,0.07
2/8/2016,578000,13625,0.0442,0.07
2/9/2016,584000,13605,0.0442,0.07
2/10/2016,582000,13462.5,0.0442,0.07
2/11/2016,581000,13462.5,0.0442,0.07
2/12/2016,593000,13490,0.0442,0.07
2/13/2016,595000,13490,0.0442,0.07
2/14/2016,595000,13490,0.0442,0.07
2/15/2016,594000,13375,0.0442,0.07
2/16/2016,586000,13400,0.0442,0.07
2/17/2016,580000,13510,0.0442,0.07
2/18/2016,583000,13495,0.0442,0.07
2/19/2016,593000,13495,0.0442,0.07
2/20/2016,595000,13495,0.0442,0.07
2/21/2016,595000,13495,0.0442,0.07
2/22/2016,594000,13437.5,0.0442,0.07
2/23/2016,583000,13425,0.0442,0.07
2/24/2016,587000,13412.5,0.0442,0.07
2/25/2016,587000,13410.5,0.0442,0.07
2/26/2016,591000,13370,0.0442,0.07
2/27/2016,584000,13370,0.0442,0.07
2/28/2016,584000,13370,0.0442,0.07
2/29/2016,584000,13372,0.0442,0.07
3/1/2016,593000,13350,0.0445,0.0675
3/2/2016,588000,13290,0.0445,0.0675
3/3/2016,590000,13235,0.0445,0.0675
3/4/2016,594000,13135,0.0445,0.0675
3/5/2016,591000,13135,0.0445,0.0675
3/6/2016,591000,13135,0.0445,0.0675
3/7/2016,593000,13090,0.0445,0.0675
3/8/2016,590000,13143,0.0445,0.0675
3/9/2016,591000,13143,0.0445,0.0675
3/10/2016,588000,13072.5,0.0445,0.0675
3/11/2016,595000,13070,0.0445,0.0675
3/12/2016,586000,13070,0.0445,0.0675
3/13/2016,586000,13070,0.0445,0.0675
3/14/2016,585000,13060,0.0445,0.0675
3/15/2016,580000,13177.5,0.0445,0.0675
3/16/2016,579000,13267.5,0.0445,0.0675
3/17/2016,593000,13095,0.0445,0.0675
3/18/2016,591000,13117.5,0.0445,0.0675
3/19/2016,591000,13117.5,0.0445,0.0675
3/20/2016,591000,13117.5,0.0445,0.0675
3/21/2016,587000,13135,0.0445,0.0675
3/22/2016,585000,13180,0.0445,0.0675
3/23/2016,587000,13177.5,0.0445,0.0675
3/24/2016,578000,13252.5,0.0445,0.0675
3/25/2016,578000,13252.5,0.0445,0.0675
3/26/2016,579000,13252.5,0.0445,0.0675
3/27/2016,579000,13252.5,0.0445,0.0675
3/28/2016,580000,13367.5,0.0445,0.0675
3/29/2016,583000,13397.5,0.0445,0.0675
3/30/2016,592000,13267.5,0.0445,0.0675
3/31/2016,583000,13260,0.0445,0.0675
4/1/2016,584000,13160,0.036,0.0675
4/2/2016,580000,13160,0.036,0.0675
4/3/2016,580000,13160,0.036,0.0675
4/4/2016,582000,13166.5,0.036,0.0675
4/5/2016,579000,13219,0.036,0.0675
4/6/2016,586000,13222.5,0.036,0.0675
4/7/2016,584000,13160,0.036,0.0675
4/8/2016,589000,13142.5,0.036,0.0675
4/9/2016,586000,13142.5,0.036,0.0675
4/10/2016,586000,13142.5,0.036,0.0675
4/11/2016,589000,13127.5,0.036,0.0675
4/12/2016,594000,13113.5,0.036,0.0675
4/13/2016,592000,13160,0.036,0.0675
4/14/2016,588000,13177.5,0.036,0.0675
4/15/2016,585000,13175,0.036,0.0675
4/16/2016,585000,13175,0.036,0.0675
4/17/2016,585000,13175,0.036,0.0675
4/18/2016,586000,13175,0.036,0.0675
4/19/2016,586000,13147.5,0.036,0.0675
4/20/2016,592000,13141,0.036,0.0675
4/21/2016,587000,13157.5,0.036,0.055
4/22/2016,590000,13197.5,0.036,0.055
4/23/2016,587000,13197.5,0.036,0.055
4/24/2016,587000,13197.5,0.036,0.055
4/25/2016,585000,13197.5,0.036,0.055
4/26/2016,586000,13200,0.036,0.055
4/27/2016,589000,13194.5,0.036,0.055
4/28/2016,591000,13186.5,0.036,0.055
4/29/2016,598000,13185,0.036,0.055
4/30/2016,608000,13185,0.036,0.055
5/1/2016,608000,13185,0.0333,0.055
5/2/2016,608000,13180,0.0333,0.055
5/3/2016,606000,13194.5,0.0333,0.055
5/4/2016,605000,13241.5,0.0333,0.055
5/5/2016,605000,13241.5,0.0333,0.055
5/6/2016,605000,13241.5,0.0333,0.055
5/7/2016,603000,13241.5,0.0333,0.055
5/8/2016,603000,13241.5,0.0333,0.055
5/9/2016,607000,13290,0.0333,0.055
5/10/2016,603000,13287.5,0.0333,0.055
5/11/2016,602000,13305,0.0333,0.055
5/12/2016,606000,13297.5,0.0333,0.055
5/13/2016,602000,13317.5,0.0333,0.055
5/14/2016,605000,13317.5,0.0333,0.055
5/15/2016,605000,13317.5,0.0333,0.055
5/16/2016,606000,13302.5,0.0333,0.055
5/17/2016,606000,13298.5,0.0333,0.055
5/18/2016,607000,13389,0.0333,0.055
5/19/2016,604000,13555,0.0333,0.055
5/20/2016,608000,13607.5,0.0333,0.055
5/21/2016,608000,13607.5,0.0333,0.055
5/22/2016,608000,13607.5,0.0333,0.055
5/23/2016,606000,13582.5,0.0333,0.055
5/24/2016,606000,13690,0.0333,0.055
5/25/2016,601000,13655,0.0333,0.055
5/26/2016,600000,13603.5,0.0333,0.055
5/27/2016,599000,13583,0.0333,0.055
5/28/2016,599000,13583,0.0333,0.055
5/29/2016,599000,13583,0.0333,0.055
5/30/2016,595000,13645,0.0333,0.055
5/31/2016,597000,13660,0.0333,0.055
6/1/2016,598000,13660,0.0345,0.055
6/2/2016,598000,13647.5,0.0345,0.055
6/3/2016,597000,13591.5,0.0345,0.055
6/4/2016,605000,13591.5,0.0345,0.055
6/5/2016,605000,13591.5,0.0345,0.055
6/6/2016,606000,13377.5,0.0345,0.055
6/7/2016,603000,13270,0.0345,0.055
6/8/2016,598000,13265,0.0345,0.055
6/9/2016,602000,13265,0.0345,0.055
6/10/2016,602000,13297.5,0.0345,0.055
6/11/2016,608000,13297.5,0.0345,0.055
6/12/2016,608000,13297.5,0.0345,0.055
6/13/2016,609000,13278.5,0.0345,0.055
6/14/2016,612000,13365,0.0345,0.055
6/15/2016,614000,13372.5,0.0345,0.055
6/16/2016,616000,13367.5,0.0345,0.0525
6/17/2016,610000,13337.5,0.0345,0.0525
6/18/2016,621000,13337.5,0.0345,0.0525
6/19/2016,621000,13337.5,0.0345,0.0525
6/20/2016,614000,13265,0.0345,0.0525
6/21/2016,610000,13262.5,0.0345,0.0525
6/22/2016,603000,13284,0.0345,0.0525
6/23/2016,602000,13257.5,0.0345,0.0525
6/24/2016,601000,13380,0.0345,0.0525
6/25/2016,628000,13380,0.0345,0.0525
6/26/2016,628000,13380,0.0345,0.0525
6/27/2016,630000,13340,0.0345,0.0525
6/28/2016,628000,13177.5,0.0345,0.0525
6/29/2016,620000,13161.5,0.0345,0.0525
6/30/2016,616000,13212.5,0.0345,0.0525
7/1/2016,619000,13140,0.0321,0.0525
7/2/2016,619000,13140,0.0321,0.0525
7/3/2016,619000,13140,0.0321,0.0525
7/4/2016,619000,13127.5,0.0321,0.0525
7/5/2016,619000,13127.5,0.0321,0.0525
7/6/2016,619000,13127.5,0.0321,0.0525
7/7/2016,619000,13127.5,0.0321,0.0525
7/8/2016,619000,13127.5,0.0321,0.0525
7/9/2016,619000,13127.5,0.0321,0.0525
7/10/2016,619000,13127.5,0.0321,0.0525
7/11/2016,638000,13090,0.0321,0.0525
7/12/2016,632000,13120,0.0321,0.0525
7/13/2016,622000,13095,0.0321,0.0525
7/14/2016,627000,13082.5,0.0321,0.0525
7/15/2016,621000,13091.5,0.0321,0.0525
7/16/2016,624000,13091.5,0.0321,0.0525
7/17/2016,624000,13091.5,0.0321,0.0525
7/18/2016,622000,13087.5,0.0321,0.0525
7/19/2016,621000,13089,0.0321,0.0525
7/20/2016,622000,13112.5,0.0321,0.0525
7/21/2016,617000,13100,0.0321,0.0525
7/22/2016,625000,13108.5,0.0321,0.0525
7/23/2016,620000,13108.5,0.0321,0.0525
7/24/2016,620000,13108.5,0.0321,0.0525
7/25/2016,620000,13140,0.0321,0.0525
7/26/2016,620000,13167.5,0.0321,0.0525
7/27/2016,621000,13140,0.0321,0.0525
7/28/2016,625000,13101,0.0321,0.0525
7/29/2016,625000,13098.5,0.0321,0.0525
7/30/2016,628000,13098.5,0.0321,0.0525
7/31/2016,628000,13098.5,0.0321,0.0525
8/1/2016,629000,13071,0.0279,0.0525
8/2/2016,631000,13097.5,0.0279,0.0525
8/3/2016,635000,13125,0.0279,0.0525
8/4/2016,634000,13137.5,0.0279,0.0525
8/5/2016,636000,13128.5,0.0279,0.0525
8/6/2016,626000,13128.5,0.0279,0.0525
8/7/2016,626000,13128.5,0.0279,0.0525
8/8/2016,626000,13130,0.0279,0.0525
8/9/2016,627000,13132.5,0.0279,0.0525
8/10/2016,629000,13113.5,0.0279,0.0525
8/11/2016,631000,13117,0.0279,0.0525
8/12/2016,628000,13121,0.0279,0.0525
8/13/2016,626000,13121,0.0279,0.0525
8/14/2016,626000,13121,0.0279,0.0525
8/15/2016,627000,13112.5,0.0279,0.0525
8/16/2016,629000,13096,0.0279,0.0525
8/17/2016,629000,13096,0.0279,0.0525
8/18/2016,632000,13116.5,0.0279,0.0525
8/19/2016,632000,13157.5,0.0279,0.0525
8/20/2016,629000,13157.5,0.0279,0.0525
8/21/2016,629000,13157.5,0.0279,0.0525
8/22/2016,629000,13211.5,0.0279,0.0525
8/23/2016,628000,13219,0.0279,0.0525
8/24/2016,629000,13247.5,0.0279,0.0525
8/25/2016,627000,13241.5,0.0279,0.0525
8/26/2016,626000,13206,0.0279,0.0525
8/27/2016,625000,13206,0.0279,0.0525
8/28/2016,625000,13206,0.0279,0.0525
8/29/2016,626000,13265,0.0279,0.0525
8/30/2016,627000,13277.5,0.0279,0.0525
8/31/2016,622000,13267.5,0.0279,0.0525
9/1/2016,622000,13268,0.0307,0.0525
9/2/2016,623000,13247,0.0307,0.0525
9/3/2016,627000,13247,0.0307,0.0525
9/4/2016,627000,13247,0.0307,0.0525
9/5/2016,627000,13152.5,0.0307,0.0525
9/6/2016,626000,13126.5,0.0307,0.0525
9/7/2016,630000,13085,0.0307,0.0525
9/8/2016,629000,13062.5,0.0307,0.0525
9/9/2016,627000,13099.5,0.0307,0.0525
9/10/2016,624000,13099.5,0.0307,0.0525
9/11/2016,624000,13099.5,0.0307,0.0525
9/12/2016,624000,13099.5,0.0307,0.0525
9/13/2016,624000,13170,0.0307,0.0525
9/14/2016,623000,13204.5,0.0307,0.0525
9/15/2016,625000,13175,0.0307,0.0525
9/16/2016,624000,13157.5,0.0307,0.0525
9/17/2016,621000,13157.5,0.0307,0.0525
9/18/2016,621000,13157.5,0.0307,0.0525
9/19/2016,621000,13156,0.0307,0.0525
9/20/2016,622000,13152.5,0.0307,0.0525
9/21/2016,623000,13135.5,0.0307,0.0525
9/22/2016,628000,13090,0.0307,0.05
9/23/2016,627000,13076.5,0.0307,0.05
9/24/2016,628000,13076.5,0.0307,0.05
9/25/2016,628000,13076.5,0.0307,0.05
9/26/2016,627000,13030,0.0307,0.05
9/27/2016,626000,12955,0.0307,0.05
9/28/2016,622000,12947.5,0.0307,0.05
9/29/2016,621000,12975,0.0307,0.05
9/30/2016,621000,13051,0.0307,0.05
10/1/2016,620000,13051,0.0331,0.05
10/2/2016,620000,13051,0.0331,0.05
10/3/2016,621000,12982.5,0.0331,0.05
10/4/2016,620000,12981.5,0.0331,0.05
10/5/2016,619000,12997.5,0.0331,0.05
10/6/2016,619000,12987,0.0331,0.05
10/7/2016,619000,12985,0.0331,0.05
10/8/2016,619000,12985,0.0331,0.05
10/9/2016,619000,12985,0.0331,0.05
10/10/2016,619000,12977.5,0.0331,0.05
10/11/2016,619000,13012.5,0.0331,0.05
10/12/2016,619000,13018.5,0.0331,0.05
10/13/2016,620000,13077.5,0.0331,0.05
10/14/2016,621000,13044.5,0.0331,0.05
10/15/2016,619000,13044.5,0.0331,0.05
10/16/2016,619000,13044.5,0.0331,0.05
10/17/2016,620000,13068.5,0.0331,0.05
10/18/2016,621000,13032,0.0331,0.05
10/19/2016,622000,13007.5,0.0331,0.05
10/20/2016,622000,13007.5,0.0331,0.0475
10/21/2016,620000,13045,0.0331,0.0475
10/22/2016,619000,13045,0.0331,0.0475
10/23/2016,619000,13045,0.0331,0.0475
10/24/2016,621000,13013,0.0331,0.0475
10/25/2016,621000,13006,0.0331,0.0475
10/26/2016,622000,13007.5,0.0331,0.0475
10/27/2016,619000,13033,0.0331,0.0475
10/28/2016,620000,13050.5,0.0331,0.0475
10/29/2016,621000,13050.5,0.0331,0.0475
10/30/2016,621000,13050.5,0.0331,0.0475
10/31/2016,621000,13048,0.0331,0.0475
11/1/2016,622000,13041.5,0.0358,0.0475
11/2/2016,625000,13056,0.0358,0.0475
11/3/2016,626000,13075,0.0358,0.0475
11/4/2016,627000,13070,0.0358,0.0475
11/5/2016,626000,13070,0.0358,0.0475
11/6/2016,626000,13070,0.0358,0.0475
11/7/2016,625000,13088,0.0358,0.0475
11/8/2016,623000,13084,0.0358,0.0475
11/9/2016,620000,13099,0.0358,0.0475
11/10/2016,625000,13137.5,0.0358,0.0475
11/11/2016,617000,13287.5,0.0358,0.0475
11/12/2016,613000,13287.5,0.0358,0.0475
11/13/2016,613000,13287.5,0.0358,0.0475
11/14/2016,615000,13357.5,0.0358,0.0475
11/15/2016,613000,13362.5,0.0358,0.0475
11/16/2016,614000,13377.5,0.0358,0.0475
11/17/2016,614000,13372.5,0.0358,0.0475
11/18/2016,611000,13427.5,0.0358,0.0475
11/19/2016,610000,13427.5,0.0358,0.0475
11/20/2016,610000,13427.5,0.0358,0.0475
11/21/2016,610000,13425,0.0358,0.0475
11/22/2016,612000,13442.5,0.0358,0.0475
11/23/2016,611000,13482.5,0.0358,0.0475
11/24/2016,609000,13557.5,0.0358,0.0475
11/25/2016,610000,13517.5,0.0358,0.0475
11/26/2016,609000,13517.5,0.0358,0.0475
11/27/2016,609000,13517.5,0.0358,0.0475
11/28/2016,610000,13530,0.0358,0.0475
11/29/2016,611000,13572.5,0.0358,0.0475
11/30/2016,612000,13552.5,0.0358,0.0475
12/1/2016,608000,13545,0.0302,0.0475
12/2/2016,609000,13525,0.0302,0.0475
12/3/2016,608000,13525,0.0302,0.0475
12/4/2016,608000,13525,0.0302,0.0475
12/5/2016,609000,13432.5,0.0302,0.0475
12/6/2016,607000,13382.5,0.0302,0.0475
12/7/2016,606000,13325,0.0302,0.0475
12/8/2016,606000,13286.5,0.0302,0.0475
12/9/2016,605000,13327.5,0.0302,0.0475
12/10/2016,605000,13327.5,0.0302,0.0475
12/11/2016,605000,13327.5,0.0302,0.0475
12/12/2016,605000,13327.5,0.0302,0.0475
12/13/2016,604000,13307.5,0.0302,0.0475
12/14/2016,604000,13296,0.0302,0.0475
12/15/2016,603000,13397.5,0.0302,0.0475
12/16/2016,602000,13390,0.0302,0.0475
12/17/2016,605000,13390,0.0302,0.0475
12/18/2016,605000,13390,0.0302,0.0475
12/19/2016,606000,13384,0.0302,0.0475
12/20/2016,605000,13427.5,0.0302,0.0475
12/21/2016,603000,13469,0.0302,0.0475
12/22/2016,604000,13452.5,0.0302,0.0475
12/23/2016,603000,13450,0.0302,0.0475
12/24/2016,604000,13450,0.0302,0.0475
12/25/2016,604000,13450,0.0302,0.0475
12/26/2016,604000,13450,0.0302,0.0475
12/27/2016,605000,13447.5,0.0302,0.0475
12/28/2016,606000,13442.5,0.0302,0.0475
12/29/2016,607000,13462.5,0.0302,0.0475
12/30/2016,608000,13472.5,0.0302,0.0475
12/31/2016,608000,13472.5,0.0302,0.0475
1/1/2017,608000,13472.5,0.0349,0.0475
1/2/2017,608000,13472.5,0.0349,0.0475
1/3/2017,606000,13479.5,0.0349,0.0475
1/4/2017,606000,13440,0.0349,0.0475
1/5/2017,607000,13375,0.0349,0.0475
1/6/2017,606000,13365,0.0349,0.0475
1/7/2017,600000,13365,0.0349,0.0475
1/8/2017,600000,13365,0.0349,0.0475
1/9/2017,602000,13365,0.0349,0.0475
1/10/2017,605000,13315,0.0349,0.0475
1/11/2017,605000,13329,0.0349,0.0475
1/12/2017,607000,13290,0.0349,0.0475
1/13/2017,607000,13331.5,0.0349,0.0475
1/14/2017,608000,13331.5,0.0349,0.0475
1/15/2017,608000,13331.5,0.0349,0.0475
1/16/2017,609000,13366.5,0.0349,0.0475
1/17/2017,610000,13351.5,0.0349,0.0475
1/18/2017,613000,13342.5,0.0349,0.0475
1/19/2017,610000,13373,0.0349,0.0475
1/20/2017,611000,13410,0.0349,0.0475
1/21/2017,611000,13410,0.0349,0.0475
1/22/2017,611000,13410,0.0349,0.0475
1/23/2017,613000,13360,0.0349,0.0475
1/24/2017,613000,13331,0.0349,0.0475
1/25/2017,610000,13360.5,0.0349,0.0475
1/26/2017,607000,13336,0.0349,0.0475
1/27/2017,602000,13358.5,0.0349,0.0475
1/28/2017,602000,13358.5,0.0349,0.0475
1/29/2017,602000,13358.5,0.0349,0.0475
1/30/2017,603000,13345,0.0349,0.0475
1/31/2017,603000,13352,0.0349,0.0475
2/1/2017,607000,13372.5,0.0383,0.0475
2/2/2017,607000,13352.5,0.0383,0.0475
2/3/2017,609000,13345,0.0383,0.0475
2/4/2017,611000,13345,0.0383,0.0475
2/5/2017,611000,13345,0.0383,0.0475
2/6/2017,610000,13322.5,0.0383,0.0475
2/7/2017,612000,13328.5,0.0383,0.0475
2/8/2017,612000,13325,0.0383,0.0475
2/9/2017,614000,13302.5,0.0383,0.0475
2/10/2017,608000,13315.5,0.0383,0.0475
2/11/2017,610000,13315.5,0.0383,0.0475
2/12/2017,610000,13315.5,0.0383,0.0475
2/13/2017,609000,13326.5,0.0383,0.0475
2/14/2017,608000,13330.5,0.0383,0.0475
2/15/2017,608000,13330.5,0.0383,0.0475
2/16/2017,610000,13320,0.0383,0.0475
2/17/2017,612000,13332.5,0.0383,0.0475
2/18/2017,610000,13332.5,0.0383,0.0475
2/19/2017,610000,13332.5,0.0383,0.0475
2/20/2017,611000,13354,0.0383,0.0475
2/21/2017,610000,13372.5,0.0383,0.0475
2/22/2017,611000,13367,0.0383,0.0475
2/23/2017,611000,13351,0.0383,0.0475
2/24/2017,616000,13330.5,0.0383,0.0475
2/25/2017,618000,13330.5,0.0383,0.0475
2/26/2017,618000,13330.5,0.0383,0.0475
2/27/2017,617000,13342.5,0.0383,0.0475
2/28/2017,616000,13336,0.0383,0.0475
3/1/2017,613000,13362,0.0361,0.0475
3/2/2017,612000,13358.5,0.0361,0.0475
3/3/2017,609000,13382.5,0.0361,0.0475
3/4/2017,608000,13382.5,0.0361,0.0475
3/5/2017,608000,13382.5,0.0361,0.0475
3/6/2017,609000,13350,0.0361,0.0475
3/7/2017,606000,13347,0.0361,0.0475
3/8/2017,603000,13350,0.0361,0.0475
3/9/2017,601000,13386.5,0.0361,0.0475
3/10/2017,599000,13379,0.0361,0.0475
3/11/2017,600000,13379,0.0361,0.0475
3/12/2017,600000,13379,0.0361,0.0475
3/13/2017,600000,13356,0.0361,0.0475
3/14/2017,598000,13371.5,0.0361,0.0475
3/15/2017,597000,13365,0.0361,0.0475
3/16/2017,601000,13348.5,0.0361,0.0475
3/17/2017,602000,13345,0.0361,0.0475
3/18/2017,603000,13345,0.0361,0.0475
3/19/2017,603000,13345,0.0361,0.0475
3/20/2017,604000,13313.5,0.0361,0.0475
3/21/2017,605000,13319,0.0361,0.0475
3/22/2017,607000,13329,0.0361,0.0475
3/23/2017,609000,13324.5,0.0361,0.0475
3/24/2017,609000,13326.5,0.0361,0.0475
3/25/2017,608000,13326.5,0.0361,0.0475
3/26/2017,608000,13326.5,0.0361,0.0475
3/27/2017,612000,13310.5,0.0361,0.0475
3/28/2017,612000,13310.5,0.0361,0.0475
3/29/2017,610000,13313.5,0.0361,0.0475
3/30/2017,611000,13316,0.0361,0.0475
3/31/2017,608000,13325.5,0.0361,0.0475
4/1/2017,609000,13325.5,0.0417,0.0475
4/2/2017,609000,13325.5,0.0417,0.0475
4/3/2017,609000,13322.5,0.0417,0.0475
4/4/2017,611000,13328,0.0417,0.0475
4/5/2017,611000,13321,0.0417,0.0475
4/6/2017,612000,13335.5,0.0417,0.0475
4/7/2017,609000,13317.5,0.0417,0.0475
4/8/2017,610000,13317.5,0.0417,0.0475
4/9/2017,610000,13317.5,0.0417,0.0475
4/10/2017,610000,13286.5,0.0417,0.0475
4/11/2017,611000,13281.5,0.0417,0.0475
4/12/2017,614000,13275,0.0417,0.0475
4/13/2017,618000,13256.5,0.0417,0.0475
4/14/2017,618000,13256.5,0.0417,0.0475
4/15/2017,618000,13256.5,0.0417,0.0475
4/16/2017,618000,13256.5,0.0417,0.0475
4/17/2017,620000,13285.5,0.0417,0.0475
4/18/2017,615000,13296.5,0.0417,0.0475
4/19/2017,619000,13296.5,0.0417,0.0475
4/20/2017,615000,13323.5,0.0417,0.0475
4/21/2017,617000,13320,0.0417,0.0475
4/22/2017,618000,13320,0.0417,0.0475
4/23/2017,618000,13320,0.0417,0.0475
4/24/2017,618000,13320,0.0417,0.0475
4/25/2017,615000,13277.5,0.0417,0.0475
4/26/2017,609000,13285,0.0417,0.0475
4/27/2017,610000,13314,0.0417,0.0475
4/28/2017,609000,13329,0.0417,0.0475
4/29/2017,609000,13329,0.0417,0.0475
4/30/2017,609000,13329,0.0417,0.0475
5/1/2017,609000,13329,0.0433,0.0475
5/2/2017,607000,13311.5,0.0433,0.0475
5/3/2017,607000,13305.5,0.0433,0.0475
5/4/2017,600000,13327.5,0.0433,0.0475
5/5/2017,598000,13330,0.0433,0.0475
5/6/2017,599000,13330,0.0433,0.0475
5/7/2017,599000,13330,0.0433,0.0475
5/8/2017,601000,13309.5,0.0433,0.0475
5/9/2017,600000,13350,0.0433,0.0475
5/10/2017,599000,13357.5,0.0433,0.0475
5/11/2017,596000,13357.5,0.0433,0.0475
5/12/2017,601000,13329.5,0.0433,0.0475
5/13/2017,601000,13329.5,0.0433,0.0475
5/14/2017,601000,13329.5,0.0433,0.0475
5/15/2017,599000,13304,0.0433,0.0475
5/16/2017,600000,13300.5,0.0433,0.0475
5/17/2017,604000,13323.5,0.0433,0.0475
5/18/2017,609000,13355.5,0.0433,0.0475
5/19/2017,605000,13335,0.0433,0.0475
5/20/2017,612000,13335,0.0433,0.0475
5/21/2017,612000,13335,0.0433,0.0475
5/22/2017,608000,13302.5,0.0433,0.0475
5/23/2017,609000,13302.5,0.0433,0.0475
5/24/2017,606000,13308.5,0.0433,0.0475
5/25/2017,606000,13308.5,0.0433,0.0475
5/26/2017,607000,13294.5,0.0433,0.0475
5/27/2017,612000,13294.5,0.0433,0.0475
5/28/2017,612000,13294.5,0.0433,0.0475
5/29/2017,610000,13321.5,0.0433,0.0475
5/30/2017,610000,13323.5,0.0433,0.0475
5/31/2017,609000,13322.5,0.0433,0.0475
6/1/2017,609000,13322.5,0.0437,0.0475
6/2/2017,610000,13304,0.0437,0.0475
6/3/2017,616000,13304,0.0437,0.0475
6/4/2017,616000,13304,0.0437,0.0475
6/5/2017,615000,13286,0.0437,0.0475
6/6/2017,615000,13298,0.0437,0.0475
6/7/2017,619000,13304,0.0437,0.0475
6/8/2017,616000,13298,0.0437,0.0475
6/9/2017,614000,13291.5,0.0437,0.0475
6/10/2017,610000,13291.5,0.0437,0.0475
6/11/2017,610000,13291.5,0.0437,0.0475
6/12/2017,612000,13298,0.0437,0.0475
6/13/2017,610000,13291.5,0.0437,0.0475
6/14/2017,612000,13282.5,0.0437,0.0475
6/15/2017,610000,13286,0.0437,0.0475
6/16/2017,608000,13297.5,0.0437,0.0475
6/17/2017,607000,13297.5,0.0437,0.0475
6/18/2017,607000,13297.5,0.0437,0.0475
6/19/2017,609000,13289,0.0437,0.0475
6/20/2017,605000,13288.5,0.0437,0.0475
6/21/2017,606000,13318.5,0.0437,0.0475
6/22/2017,607000,13327.5,0.0437,0.0475
6/23/2017,607000,13327.5,0.0437,0.0475
6/24/2017,607000,13327.5,0.0437,0.0475
6/25/2017,607000,13327.5,0.0437,0.0475
6/26/2017,607000,13327.5,0.0437,0.0475
6/27/2017,607000,13327.5,0.0437,0.0475
6/28/2017,607000,13327.5,0.0437,0.0475
6/29/2017,607000,13327.5,0.0437,0.0475
6/30/2017,607000,13327.5,0.0437,0.0475
7/1/2017,607000,13327.5,0.0388,0.0475
7/2/2017,607000,13327.5,0.0388,0.0475
7/3/2017,605000,13367.5,0.0388,0.0475
7/4/2017,601000,13363.5,0.0388,0.0475
7/5/2017,604000,13364,0.0388,0.0475
7/6/2017,603000,13388,0.0388,0.0475
7/7/2017,602000,13403,0.0388,0.0475
7/8/2017,600000,13403,0.0388,0.0475
7/9/2017,600000,13403,0.0388,0.0475
7/10/2017,599000,13399,0.0388,0.0475
7/11/2017,600000,13391,0.0388,0.0475
7/12/2017,602000,13369.5,0.0388,0.0475
7/13/2017,602000,13347.5,0.0388,0.0475
7/14/2017,602000,13338.5,0.0388,0.0475
7/15/2017,606000,13338.5,0.0388,0.0475
7/16/2017,606000,13338.5,0.0388,0.0475
7/17/2017,607000,13327.5,0.0388,0.0475
7/18/2017,607000,13309,0.0388,0.0475
7/19/2017,610000,13318,0.0388,0.0475
7/20/2017,610000,13334.5,0.0388,0.0475
7/21/2017,610000,13312.5,0.0388,0.0475
7/22/2017,614000,13312.5,0.0388,0.0475
7/23/2017,614000,13312.5,0.0388,0.0475
7/24/2017,614000,13310,0.0388,0.0475
7/25/2017,613000,13326,0.0388,0.0475
7/26/2017,610000,13336,0.0388,0.0475
7/27/2017,615000,13318,0.0388,0.0475
7/28/2017,615000,13326.5,0.0388,0.0475
7/29/2017,619000,13326.5,0.0388,0.0475
7/30/2017,619000,13326.5,0.0388,0.0475
7/31/2017,618000,13325,0.0388,0.0475
8/1/2017,617000,13324,0.0382,0.0475
8/2/2017,617000,13324,0.0382,0.0475
8/3/2017,615000,13325.5,0.0382,0.0475
8/4/2017,617000,13316,0.0382,0.0475
8/5/2017,613000,13316,0.0382,0.0475
8/6/2017,613000,13316,0.0382,0.0475
8/7/2017,613000,13321,0.0382,0.0475
8/8/2017,613000,13313,0.0382,0.0475
8/9/2017,615000,13332.5,0.0382,0.0475
8/10/2017,618000,13334,0.0382,0.0475
8/11/2017,621000,13357.5,0.0382,0.0475
8/12/2017,623000,13357.5,0.0382,0.0475
8/13/2017,623000,13357.5,0.0382,0.0475
8/14/2017,621000,13349,0.0382,0.0475
8/15/2017,619000,13361,0.0382,0.0475
8/16/2017,618000,13378.5,0.0382,0.0475
8/17/2017,618000,13378.5,0.0382,0.0475
8/18/2017,624000,13362,0.0382,0.0475
8/19/2017,622000,13362,0.0382,0.0475
8/20/2017,622000,13362,0.0382,0.0475
8/21/2017,622000,13350.5,0.0382,0.0475
8/22/2017,624000,13343,0.0382,0.045
8/23/2017,621000,13358.5,0.0382,0.045
8/24/2017,624000,13346.5,0.0382,0.045
8/25/2017,623000,13345.5,0.0382,0.045
8/26/2017,624000,13345.5,0.0382,0.045
8/27/2017,624000,13345.5,0.0382,0.045
8/28/2017,625000,13340,0.0382,0.045
8/29/2017,634000,13339.5,0.0382,0.045
8/30/2017,631000,13346.5,0.0382,0.045
8/31/2017,631000,13343,0.0382,0.045
9/1/2017,631000,13343,0.0372,0.045
9/2/2017,631000,13343,0.0372,0.045
9/3/2017,631000,13343,0.0372,0.045
9/4/2017,638000,13342.5,0.0372,0.045
9/5/2017,637000,13337.5,0.0372,0.045
9/6/2017,639000,13337.5,0.0372,0.045
9/7/2017,636000,13306.5,0.0372,0.045
9/8/2017,642000,13204,0.0372,0.045
9/9/2017,641000,13204,0.0372,0.045
9/10/2017,641000,13204,0.0372,0.045
9/11/2017,637000,13162.5,0.0372,0.045
9/12/2017,631000,13195,0.0372,0.045
9/13/2017,632000,13202.5,0.0372,0.045
9/14/2017,629000,13249.5,0.0372,0.045
9/15/2017,634000,13240,0.0372,0.045
9/16/2017,632000,13240,0.0372,0.045
9/17/2017,632000,13240,0.0372,0.045
9/18/2017,629000,13255,0.0372,0.045
9/19/2017,627000,13278.5,0.0372,0.045
9/20/2017,629000,13281.5,0.0372,0.045
9/21/2017,627000,13281.5,0.0372,0.045
9/22/2017,624000,13312.5,0.0372,0.0425
9/23/2017,627000,13312.5,0.0372,0.0425
9/24/2017,627000,13312.5,0.0372,0.0425
9/25/2017,626000,13326,0.0372,0.0425
9/26/2017,630000,13376.5,0.0372,0.0425
9/27/2017,627000,13440,0.0372,0.0425
9/28/2017,625000,13515,0.0372,0.0425
9/29/2017,628000,13471.5,0.0372,0.0425
9/30/2017,627000,13471.5,0.0372,0.0425
10/1/2017,627000,13471.5,0.0358,0.0425
10/2/2017,621000,13537.5,0.0358,0.0425
10/3/2017,619000,13542.5,0.0358,0.0425
10/4/2017,622000,13476.5,0.0358,0.0425
10/5/2017,622000,13457.5,0.0358,0.0425
10/6/2017,622000,13504,0.0358,0.0425
10/7/2017,628000,13504,0.0358,0.0425
10/8/2017,628000,13504,0.0358,0.0425
10/9/2017,628000,13516.5,0.0358,0.0425
10/10/2017,633000,13513,0.0358,0.0425
10/11/2017,636000,13517,0.0358,0.0425
10/12/2017,638000,13504.5,0.0358,0.0425
10/13/2017,640000,13499,0.0358,0.0425
10/14/2017,645000,13499,0.0358,0.0425
10/15/2017,645000,13499,0.0358,0.0425
10/16/2017,644000,13482.5,0.0358,0.0425
10/17/2017,640000,13506.5,0.0358,0.0425
10/18/2017,638000,13516,0.0358,0.0425
10/19/2017,637000,13523,0.0358,0.0425
10/20/2017,642000,13518.5,0.0358,0.0425
10/21/2017,639000,13518.5,0.0358,0.0425
10/22/2017,639000,13518.5,0.0358,0.0425
10/23/2017,638000,13542.5,0.0358,0.0425
10/24/2017,643000,13532.5,0.0358,0.0425
10/25/2017,639000,13577.5,0.0358,0.0425
10/26/2017,642000,13581.5,0.0358,0.0425
10/27/2017,636000,13616.5,0.0358,0.0425
10/28/2017,641000,13616.5,0.0358,0.0425
10/29/2017,641000,13616.5,0.0358,0.0425
10/30/2017,641000,13584,0.0358,0.0425
10/31/2017,640000,13562.5,0.0358,0.0425
11/1/2017,637000,13580,0.033,0.0425
11/2/2017,640000,13551,0.033,0.0425
11/3/2017,640000,13497.5,0.033,0.0425
11/4/2017,634000,13497.5,0.033,0.0425
11/5/2017,634000,13497.5,0.033,0.0425
11/6/2017,638000,13524.5,0.033,0.0425
11/7/2017,639000,13513.5,0.033,0.0425
11/8/2017,637000,13517,0.033,0.0425
11/9/2017,639000,13515,0.033,0.0425
11/10/2017,640000,13532.5,0.033,0.0425
11/11/2017,636000,13532.5,0.033,0.0425
11/12/2017,636000,13532.5,0.033,0.0425
11/13/2017,636000,13551.5,0.033,0.0425
11/14/2017,637000,13553.5,0.033,0.0425
11/15/2017,638000,13535,0.033,0.0425
11/16/2017,638000,13542,0.033,0.0425
11/17/2017,638000,13527.5,0.033,0.0425
11/18/2017,643000,13527.5,0.033,0.0425
11/19/2017,643000,13527.5,0.033,0.0425
11/20/2017,643000,13535,0.033,0.0425
11/21/2017,637000,13533.5,0.033,0.0425
11/22/2017,639000,13526,0.033,0.0425
11/23/2017,641000,13513,0.033,0.0425
11/24/2017,640000,13502.5,0.033,0.0425
11/25/2017,639000,13502.5,0.033,0.0425
11/26/2017,639000,13502.5,0.033,0.0425
11/27/2017,639000,13518.5,0.033,0.0425
11/28/2017,641000,13508.5,0.033,0.0425
11/29/2017,640000,13502.5,0.033,0.0425
11/30/2017,637000,13526,0.033,0.0425
12/1/2017,637000,13526,0.0361,0.0425
12/2/2017,635000,13526,0.0361,0.0425
12/3/2017,635000,13526,0.0361,0.0425
12/4/2017,633000,13526,0.0361,0.0425
12/5/2017,635000,13519,0.0361,0.0425
12/6/2017,631000,13539,0.0361,0.0425
12/7/2017,631000,13553.5,0.0361,0.0425
12/8/2017,628000,13547.5,0.0361,0.0425
12/9/2017,628000,13547.5,0.0361,0.0425
12/10/2017,628000,13547.5,0.0361,0.0425
12/11/2017,628000,13552.5,0.0361,0.0425
12/12/2017,627000,13568.5,0.0361,0.0425
12/13/2017,628000,13585,0.0361,0.0425
12/14/2017,633000,13577.5,0.0361,0.0425
12/15/2017,632000,13578.5,0.0361,0.0425
12/16/2017,633000,13578.5,0.0361,0.0425
12/17/2017,633000,13578.5,0.0361,0.0425
12/18/2017,632000,13581.5,0.0361,0.0425
12/19/2017,635000,13576.5,0.0361,0.0425
12/20/2017,635000,13577.5,0.0361,0.0425
12/21/2017,637000,13557.5,0.0361,0.0425
12/22/2017,636000,13561,0.0361,0.0425
12/23/2017,638000,13561,0.0361,0.0425
12/24/2017,638000,13561,0.0361,0.0425
12/25/2017,638000,13561,0.0361,0.0425
12/26/2017,638000,13561,0.0361,0.0425
12/27/2017,642000,13560.5,0.0361,0.0425
12/28/2017,643000,13562,0.0361,0.0425
12/29/2017,645000,13567.5,0.0361,0.0425
12/30/2017,647000,13567.5,0.0361,0.0425
12/31/2017,647000,13567.5,0.0361,0.0425
1/1/2018,647000,13567.5,0.0325,0.0425
1/2/2018,649000,13517.5,0.0325,0.0425
1/3/2018,652000,13478,0.0325,0.0425
1/4/2018,647000,13423.5,0.0325,0.0425
1/5/2018,650000,13415.5,0.0325,0.0425
1/6/2018,646000,13415.5,0.0325,0.0425
1/7/2018,646000,13415.5,0.0325,0.0425
1/8/2018,648000,13426.5,0.0325,0.0425
1/9/2018,647000,13437.5,0.0325,0.0425
1/10/2018,645000,13436.5,0.0325,0.0425
1/11/2018,648000,13399.5,0.0325,0.0425
1/12/2018,650000,13353.5,0.0325,0.0425
1/13/2018,651000,13353.5,0.0325,0.0425
1/14/2018,651000,13353.5,0.0325,0.0425
1/15/2018,650000,13334.5,0.0325,0.0425
1/16/2018,649000,13337.5,0.0325,0.0425
1/17/2018,647000,13357.5,0.0325,0.0425
1/18/2018,643000,13346,0.0325,0.0425
1/19/2018,643000,13313.5,0.0325,0.0425
1/20/2018,643000,13313.5,0.0325,0.0425
1/21/2018,643000,13313.5,0.0325,0.0425
1/22/2018,643000,13347.5,0.0325,0.0425
1/23/2018,642000,13325,0.0325,0.0425
1/24/2018,645000,13313.5,0.0325,0.0425
1/25/2018,651000,13288.5,0.0325,0.0425
1/26/2018,648000,13307,0.0325,0.0425
1/27/2018,650000,13307,0.0325,0.0425
1/28/2018,650000,13307,0.0325,0.0425
1/29/2018,651000,13363.5,0.0325,0.0425
1/30/2018,648000,13432.5,0.0325,0.0425
1/31/2018,650000,13388.5,0.0325,0.0425
2/1/2018,653000,13427,0.0318,0.0425
2/2/2018,653000,13451.5,0.0318,0.0425
2/3/2018,648000,13451.5,0.0318,0.0425
2/4/2018,648000,13451.5,0.0318,0.0425
2/5/2018,648000,13525,0.0318,0.0425
2/6/2018,653000,13552.5,0.0318,0.0425
2/7/2018,651000,13553,0.0318,0.0425
2/8/2018,649000,13605,0.0318,0.0425
2/9/2018,652000,13627.5,0.0318,0.0425
2/10/2018,652000,13627.5,0.0318,0.0425
2/11/2018,652000,13627.5,0.0318,0.0425
2/12/2018,651000,13657.5,0.0318,0.0425
2/13/2018,653000,13657.5,0.0318,0.0425
2/14/2018,658000,13628.5,0.0318,0.0425
2/15/2018,663000,13558.5,0.0318,0.0425
2/16/2018,663000,13558.5,0.0318,0.0425
2/17/2018,658000,13558.5,0.0318,0.0425
2/18/2018,658000,13558.5,0.0318,0.0425
2/19/2018,658000,13560.5,0.0318,0.0425
2/20/2018,656000,13612.5,0.0318,0.0425
2/21/2018,652000,13618.5,0.0318,0.0425
2/22/2018,652000,13682.5,0.0318,0.0425
2/23/2018,656000,13667.5,0.0318,0.0425
2/24/2018,656000,13667.5,0.0318,0.0425
2/25/2018,656000,13667.5,0.0318,0.0425
2/26/2018,655000,13660,0.0318,0.0425
2/27/2018,657000,13675,0.0318,0.0425
2/28/2018,653000,13745,0.0318,0.0425
3/1/2018,655000,13747.5,0.034,0.0425
3/2/2018,658000,13757.5,0.034,0.0425
3/3/2018,659000,13757.5,0.034,0.0425
3/4/2018,659000,13757.5,0.034,0.0425
3/5/2018,658000,13762.5,0.034,0.0425
3/6/2018,657000,13775,0.034,0.0425
3/7/2018,665000,13766,0.034,0.0425
3/8/2018,659000,13785,0.034,0.0425
3/9/2018,658000,13781,0.034,0.0425
3/10/2018,661000,13781,0.034,0.0425
3/11/2018,661000,13781,0.034,0.0425
3/12/2018,661000,13770,0.034,0.0425
3/13/2018,660000,13750.5,0.034,0.0425
3/14/2018,659000,13736.5,0.034,0.0425
3/15/2018,659000,13747.5,0.034,0.0425
3/16/2018,656000,13749,0.034,0.0425
3/17/2018,656000,13749,0.034,0.0425
3/18/2018,656000,13749,0.034,0.0425
3/19/2018,656000,13764.5,0.034,0.0425
3/20/2018,658000,13750,0.034,0.0425
3/21/2018,657000,13762.5,0.034,0.0425
3/22/2018,665000,13752.5,0.034,0.0425
3/23/2018,664000,13782.5,0.034,0.0425
3/24/2018,672000,13782.5,0.034,0.0425
3/25/2018,672000,13782.5,0.034,0.0425
3/26/2018,672000,13740,0.034,0.0425
3/27/2018,673000,13742,0.034,0.0425
3/28/2018,666000,13763,0.034,0.0425
3/29/2018,662000,13765,0.034,0.0425
3/30/2018,662000,13765,0.034,0.0425
3/31/2018,662000,13765,0.034,0.0425
4/1/2018,662000,13765,0.0341,0.0425
4/2/2018,663000,13754,0.0341,0.0425
4/3/2018,669000,13764.5,0.0341,0.0425
4/4/2018,666000,13766.5,0.0341,0.0425
4/5/2018,666000,13766.5,0.0341,0.0425
4/6/2018,666000,13773.5,0.0341,0.0425
4/7/2018,667000,13773.5,0.0341,0.0425
4/8/2018,667000,13773.5,0.0341,0.0425
4/9/2018,665000,13764.5,0.0341,0.0425
4/10/2018,669000,13749,0.0341,0.0425
4/11/2018,670000,13758.5,0.0341,0.0425
4/12/2018,674000,13769.5,0.0341,0.0425
4/13/2018,669000,13752.5,0.0341,0.0425
4/14/2018,669000,13752.5,0.0341,0.0425
4/15/2018,669000,13752.5,0.0341,0.0425
4/16/2018,671000,13774.5,0.0341,0.0425
4/17/2018,673000,13766,0.0341,0.0425
4/18/2018,673000,13774.5,0.0341,0.0425
4/19/2018,674000,13781,0.0341,0.0425
4/20/2018,671000,13877.5,0.0341,0.0425
4/21/2018,668000,13877.5,0.0341,0.0425
4/22/2018,668000,13877.5,0.0341,0.0425
4/23/2018,668000,13895,0.0341,0.0425
4/24/2018,668000,13887.5,0.0341,0.0425
4/25/2018,671000,13920,0.0341,0.0425
4/26/2018,668000,13887.5,0.0341,0.0425
4/27/2018,668000,13890,0.0341,0.0425
4/28/2018,667000,13890,0.0341,0.0425
4/29/2018,667000,13890,0.0341,0.0425
4/30/2018,668000,13912.5,0.0341,0.0425
5/1/2018,668000,13912.5,0.0323,0.0425
5/2/2018,664000,13945,0.0323,0.0425
5/3/2018,666000,13937.5,0.0323,0.0425
5/4/2018,670000,13940,0.0323,0.0425
5/5/2018,670000,13940,0.0323,0.0425
5/6/2018,670000,13940,0.0323,0.0425
5/7/2018,670000,14000,0.0323,0.0425
5/8/2018,671000,14050,0.0323,0.0425
5/9/2018,673000,14080,0.0323,0.0425
5/10/2018,673000,14080,0.0323,0.0425
5/11/2018,675000,13950,0.0323,0.0425
5/12/2018,673000,13950,0.0323,0.0425
5/13/2018,673000,13950,0.0323,0.0425
5/14/2018,670000,13970,0.0323,0.0425
5/15/2018,669000,14037,0.0323,0.0425
5/16/2018,665000,14093,0.0323,0.0425
5/17/2018,667000,14052,0.0323,0.045
5/18/2018,666000,14152.5,0.0323,0.045
5/19/2018,667000,14152.5,0.0323,0.045
5/20/2018,667000,14152.5,0.0323,0.045
5/21/2018,667000,14185,0.0323,0.045
5/22/2018,670000,14138,0.0323,0.045
5/23/2018,670000,14207,0.0323,0.045
5/24/2018,672000,14135,0.0323,0.045
5/25/2018,675000,14120,0.0323,0.045
5/26/2018,672000,14120,0.0323,0.045
5/27/2018,672000,14120,0.0323,0.045
5/28/2018,671000,13990,0.0323,0.045
5/29/2018,671000,13990,0.0323,0.045
5/30/2018,669000,13990,0.0323,0.0475
5/31/2018,668000,13895,0.0323,0.0475
6/1/2018,668000,13895,0.0312,0.0475
6/2/2018,664000,13895,0.0312,0.0475
6/3/2018,664000,13895,0.0312,0.0475
6/4/2018,663000,13872,0.0312,0.0475
6/5/2018,662000,13879,0.0312,0.0475
6/6/2018,665000,13852.5,0.0312,0.0475
6/7/2018,665000,13870,0.0312,0.0475
6/8/2018,665000,13930,0.0312,0.0475
6/9/2018,667000,13930,0.0312,0.0475
6/10/2018,667000,13930,0.0312,0.0475
6/11/2018,667000,13930,0.0312,0.0475
6/12/2018,667000,13930,0.0312,0.0475
6/13/2018,667000,13930,0.0312,0.0475
6/14/2018,667000,13930,0.0312,0.0475
6/15/2018,667000,13930,0.0312,0.0475
6/16/2018,667000,13930,0.0312,0.0475
6/17/2018,667000,13930,0.0312,0.0475
6/18/2018,667000,13930,0.0312,0.0475
6/19/2018,667000,13930,0.0312,0.0475
6/20/2018,667000,13930,0.0312,0.0475
6/21/2018,655000,14103,0.0312,0.0475
6/22/2018,660000,14080,0.0312,0.0475
6/23/2018,661000,14080,0.0312,0.0475
6/24/2018,661000,14080,0.0312,0.0475
6/25/2018,662000,14155,0.0312,0.0475
6/26/2018,660000,14178,0.0312,0.0475
6/27/2018,660000,14178,0.0312,0.0475
6/28/2018,657000,14390,0.0312,0.0475
6/29/2018,659000,14330,0.0312,0.0525
6/30/2018,663000,14330,0.0312,0.0525
7/1/2018,663000,14330,0.0318,0.0525
7/2/2018,664000,14380,0.0318,0.0525
7/3/2018,659000,14380,0.0318,0.0525
7/4/2018,665000,14352,0.0318,0.0525
7/5/2018,664000,14385,0.0318,0.0525
7/6/2018,666000,14370,0.0318,0.0525
7/7/2018,665000,14370,0.0318,0.0525
7/8/2018,665000,14370,0.0318,0.0525
7/9/2018,666000,14325,0.0318,0.0525
7/10/2018,664000,14360,0.0318,0.0525
7/11/2018,663000,14385,0.0318,0.0525
7/12/2018,661000,14380,0.0318,0.0525
7/13/2018,663000,14380,0.0318,0.0525
7/14/2018,660000,14380,0.0318,0.0525
7/15/2018,660000,14380,0.0318,0.0525
7/16/2018,660000,14375,0.0318,0.0525
7/17/2018,660000,14370,0.0318,0.0525
7/18/2018,656000,14405,0.0318,0.0525
7/19/2018,656000,14475,0.0318,0.0525
7/20/2018,655000,14480,0.0318,0.0525
7/21/2018,660000,14480,0.0318,0.0525
7/22/2018,660000,14480,0.0318,0.0525
7/23/2018,660000,14490,0.0318,0.0525
7/24/2018,656000,14530,0.0318,0.0525
7/25/2018,656000,14460,0.0318,0.0525
7/26/2018,662000,14460,0.0318,0.0525
7/27/2018,659000,14417.5,0.0318,0.0525
7/28/2018,660000,14417.5,0.0318,0.0525
7/29/2018,660000,14417.5,0.0318,0.0525
7/30/2018,659000,14410,0.0318,0.0525
7/31/2018,654000,14420,0.0318,0.0525
8/1/2018,656000,14440,0.032,0.0525
8/2/2018,654000,14475,0.032,0.0525
8/3/2018,651000,14492.5,0.032,0.0525
8/4/2018,651000,14492.5,0.032,0.0525
8/5/2018,651000,14492.5,0.032,0.0525
8/6/2018,654000,14470,0.032,0.0525
8/7/2018,652000,14440,0.032,0.0525
8/8/2018,653000,14435,0.032,0.0525
8/9/2018,651000,14410,0.032,0.0525
8/10/2018,650000,14475,0.032,0.0525
8/11/2018,650000,14475,0.032,0.0525
8/12/2018,650000,14475,0.032,0.0525
8/13/2018,650000,14595,0.032,0.0525
8/14/2018,649000,14580,0.032,0.0525
8/15/2018,649000,14600,0.032,0.055
8/16/2018,645000,14610,0.032,0.055
8/17/2018,645000,14610,0.032,0.055
8/18/2018,645000,14610,0.032,0.055
8/19/2018,645000,14610,0.032,0.055
8/20/2018,648000,14590,0.032,0.055
8/21/2018,649000,14580,0.032,0.055
8/22/2018,649000,14580,0.032,0.055
8/23/2018,650000,14630,0.032,0.055
8/24/2018,648000,14642,0.032,0.055
8/25/2018,657000,14642,0.032,0.055
8/26/2018,657000,14642,0.032,0.055
8/27/2018,654000,14620,0.032,0.055
8/28/2018,655000,14622,0.032,0.055
8/29/2018,652000,14655,0.032,0.055
8/30/2018,655000,14690,0.032,0.055
8/31/2018,652000,14730,0.032,0.055
9/1/2018,654000,14730,0.0288,0.055
9/2/2018,654000,14730,0.0288,0.055
9/3/2018,654000,14815,0.0288,0.055
9/4/2018,656000,14935,0.0288,0.055
9/5/2018,655000,14935,0.0288,0.055
9/6/2018,661000,14890,0.0288,0.055
9/7/2018,662000,14820,0.0288,0.055
9/8/2018,659000,14820,0.0288,0.055
9/9/2018,659000,14820,0.0288,0.055
9/10/2018,659000,14857,0.0288,0.055
9/11/2018,659000,14857,0.0288,0.055
9/12/2018,662000,14825,0.0288,0.055
9/13/2018,667000,14840,0.0288,0.055
9/14/2018,663000,14805,0.0288,0.055
9/15/2018,661000,14805,0.0288,0.055
9/16/2018,661000,14805,0.0288,0.055
9/17/2018,661000,14877.5,0.0288,0.055
9/18/2018,664000,14855,0.0288,0.055
9/19/2018,666000,14875,0.0288,0.055
9/20/2018,668000,14845,0.0288,0.055
9/21/2018,668000,14819,0.0288,0.055
9/22/2018,665000,14819,0.0288,0.055
9/23/2018,665000,14819,0.0288,0.055
9/24/2018,663000,14867.5,0.0288,0.055
9/25/2018,666000,14920,0.0288,0.055
9/26/2018,667000,14905,0.0288,0.055
9/27/2018,666000,14917,0.0288,0.0575
9/28/2018,660000,14901.5,0.0288,0.0575
9/29/2018,663000,14901.5,0.0288,0.0575
9/30/2018,663000,14901.5,0.0288,0.0575
10/1/2018,663000,14910,0.0316,0.0575
10/2/2018,662000,15045,0.0316,0.0575
10/3/2018,670000,15075,0.0316,0.0575
10/4/2018,670000,15170,0.0316,0.0575
10/5/2018,671000,15180,0.0316,0.0575
10/6/2018,676000,15180,0.0316,0.0575
10/7/2018,676000,15180,0.0316,0.0575
10/8/2018,675000,15217.5,0.0316,0.0575
10/9/2018,668000,15230,0.0316,0.0575
10/10/2018,669000,15203,0.0316,0.0575
10/11/2018,669000,15235,0.0316,0.0575
10/12/2018,680000,15205,0.0316,0.0575
10/13/2018,676000,15205,0.0316,0.0575
10/14/2018,676000,15205,0.0316,0.0575
10/15/2018,677000,15210,0.0316,0.0575
10/16/2018,681000,15200,0.0316,0.0575
10/17/2018,679000,15155,0.0316,0.0575
10/18/2018,676000,15193.5,0.0316,0.0575
10/19/2018,678000,15187.5,0.0316,0.0575
10/20/2018,680000,15187.5,0.0316,0.0575
10/21/2018,680000,15187.5,0.0316,0.0575
10/22/2018,680000,15185,0.0316,0.0575
10/23/2018,677000,15190,0.0316,0.0575
10/24/2018,682000,15197,0.0316,0.0575
10/25/2018,682000,15187.5,0.0316,0.0575
10/26/2018,681000,15216.5,0.0316,0.0575
10/27/2018,682000,15216.5,0.0316,0.0575
10/28/2018,682000,15216.5,0.0316,0.0575
10/29/2018,682000,15220,0.0316,0.0575
10/30/2018,681000,15223,0.0316,0.0575
10/31/2018,678000,15202.5,0.0316,0.0575
11/1/2018,675000,15127.5,0.0323,0.0575
11/2/2018,681000,14952.5,0.0323,0.0575
11/3/2018,678000,14952.5,0.0323,0.0575
11/4/2018,678000,14952.5,0.0323,0.0575
11/5/2018,678000,14976,0.0323,0.0575
11/6/2018,673000,14802.5,0.0323,0.0575
11/7/2018,670000,14580,0.0323,0.0575
11/8/2018,665000,14540,0.0323,0.0575
11/9/2018,662000,14685,0.0323,0.0575
11/10/2018,660000,14685,0.0323,0.0575
11/11/2018,660000,14685,0.0323,0.0575
11/12/2018,659000,14815,0.0323,0.0575
11/13/2018,660000,14810,0.0323,0.0575
11/14/2018,663000,14787,0.0323,0.0575
11/15/2018,663000,14677.5,0.0323,0.06
11/16/2018,664000,14611.5,0.0323,0.06
11/17/2018,662000,14611.5,0.0323,0.06
11/18/2018,662000,14611.5,0.0323,0.06
11/19/2018,662000,14590,0.0323,0.06
11/20/2018,662000,14590,0.0323,0.06
11/21/2018,662000,14605,0.0323,0.06
11/22/2018,665000,14577.5,0.0323,0.06
11/23/2018,665000,14540,0.0323,0.06
11/24/2018,662000,14540,0.0323,0.06
11/25/2018,662000,14540,0.0323,0.06
11/26/2018,662000,14475,0.0323,0.06
11/27/2018,661000,14513.5,0.0323,0.06
11/28/2018,657500,14527.5,0.0323,0.06
11/29/2018,661000,14382.5,0.0323,0.06
11/30/2018,659000,14302.5,0.0323,0.06
12/1/2018,657000,14302.5,0.0313,0.06
12/2/2018,657000,14302.5,0.0313,0.06
12/3/2018,655000,14240,0.0313,0.06
12/4/2018,656500,14290,0.0313,0.06
12/5/2018,660000,14395,0.0313,0.06
12/6/2018,662000,14520,0.0313,0.06
12/7/2018,665000,14470,0.0313,0.06
12/8/2018,668500,14470,0.0313,0.06
12/9/2018,668500,14470,0.0313,0.06
12/10/2018,669000,14555,0.0313,0.06
12/11/2018,666000,14600,0.0313,0.06
12/12/2018,668000,14597.5,0.0313,0.06
12/13/2018,668000,14497.5,0.0313,0.06
12/14/2018,665000,14585,0.0313,0.06
12/15/2018,664000,14585,0.0313,0.06
12/16/2018,664000,14585,0.0313,0.06
12/17/2018,664000,14575,0.0313,0.06
12/18/2018,668000,14500,0.0313,0.06
12/19/2018,667000,14442.5,0.0313,0.06
12/20/2018,662000,14470,0.0313,0.06
12/21/2018,669000,14555,0.0313,0.06
12/22/2018,666000,14555,0.0313,0.06
12/23/2018,666000,14555,0.0313,0.06
12/24/2018,666000,14555,0.0313,0.06
12/25/2018,666000,14555,0.0313,0.06
12/26/2018,671000,14575,0.0313,0.06
12/27/2018,674000,14560,0.0313,0.06
12/28/2018,674000,14560,0.0313,0.06
12/29/2018,676000,14560,0.0313,0.06
12/30/2018,676000,14560,0.0313,0.06
12/31/2018,676000,14380,0.0313,0.06
1/1/2019,676000,14380,0.0282,0.06
1/2/2019,674000,14450,0.0282,0.06
1/3/2019,676000,14410,0.0282,0.06
1/4/2019,681000,14270,0.0282,0.06
1/5/2019,673000,14270,0.0282,0.06
1/6/2019,673000,14270,0.0282,0.06
1/7/2019,673000,14090,0.0282,0.06
1/8/2019,669000,14145,0.0282,0.06
1/9/2019,666000,14125,0.0282,0.06
1/10/2019,671000,14055,0.0282,0.06
1/11/2019,669000,14045,0.0282,0.06
1/12/2019,669000,14045,0.0282,0.06
1/13/2019,669000,14045,0.0282,0.06
1/14/2019,669000,14124,0.0282,0.06
1/15/2019,669000,14092.5,0.0282,0.06
1/16/2019,670000,14122.5,0.0282,0.06
1/17/2019,672000,14180,0.0282,0.06
1/18/2019,672000,14175,0.0282,0.06
1/19/2019,672000,14175,0.0282,0.06
1/20/2019,672000,14175,0.0282,0.06
1/21/2019,670000,14222.5,0.0282,0.06
1/22/2019,669000,14215,0.0282,0.06
1/23/2019,671000,14180,0.0282,0.06
1/24/2019,669000,14165,0.0282,0.06
1/25/2019,667000,14085,0.0282,0.06
1/26/2019,677000,14085,0.0282,0.06
1/27/2019,677000,14085,0.0282,0.06
1/28/2019,675000,14070,0.0282,0.06
1/29/2019,672000,14095,0.0282,0.06
1/30/2019,676000,14130,0.0282,0.06
1/31/2019,680000,13972.5,0.0282,0.06
2/1/2019,679000,13940,0.0257,0.06
2/2/2019,675000,13940,0.0257,0.06
2/3/2019,675000,13940,0.0257,0.06
2/4/2019,675000,13955,0.0257,0.06
2/5/2019,675000,13955,0.0257,0.06
2/6/2019,675000,13922,0.0257,0.06
2/7/2019,672000,13972.5,0.0257,0.06
2/8/2019,674000,13965,0.0257,0.06
2/9/2019,675000,13965,0.0257,0.06
2/10/2019,675000,13965,0.0257,0.06
2/11/2019,675000,14040,0.0257,0.06
2/12/2019,673000,14068.5,0.0257,0.06
2/13/2019,676000,14057.5,0.0257,0.06
2/14/2019,673000,14090,0.0257,0.06
2/15/2019,677000,14142.5,0.0257,0.06
2/16/2019,681000,14142.5,0.0257,0.06
2/17/2019,681000,14142.5,0.0257,0.06
2/18/2019,680000,14106.5,0.0257,0.06
2/19/2019,683000,14102,0.0257,0.06
2/20/2019,689000,14040,0.0257,0.06
2/21/2019,686000,14063,0.0257,0.06
2/22/2019,682000,14057.5,0.0257,0.06
2/23/2019,684000,14057.5,0.0257,0.06
2/24/2019,684000,14057.5,0.0257,0.06
2/25/2019,683000,14017.5,0.0257,0.06
2/26/2019,680000,13991,0.0257,0.06
2/27/2019,679000,14030,0.0257,0.06
2/28/2019,674000,14065,0.0257,0.06
3/1/2019,673000,14115,0.0248,0.06
3/2/2019,669000,14115,0.0248,0.06
3/3/2019,669000,14115,0.0248,0.06
3/4/2019,665500,14130,0.0248,0.06
3/5/2019,665000,14120,0.0248,0.06
3/6/2019,665500,14140,0.0248,0.06
3/7/2019,665500,14140,0.0248,0.06
3/8/2019,664500,14310,0.0248,0.06
3/9/2019,669000,14310,0.0248,0.06
3/10/2019,669000,14310,0.0248,0.06
3/11/2019,672500,14290,0.0248,0.06
3/12/2019,674000,14265,0.0248,0.06
3/13/2019,679000,14265,0.0248,0.06
3/14/2019,680000,14267,0.0248,0.06
3/15/2019,675000,14259,0.0248,0.06
3/16/2019,680000,14259,0.0248,0.06
3/17/2019,680000,14259,0.0248,0.06
3/18/2019,678500,14237.5,0.0248,0.06
3/19/2019,675500,14230,0.0248,0.06
3/20/2019,676500,14185,0.0248,0.06
3/21/2019,680000,14140,0.0248,0.06
3/22/2019,672000,14165,0.0248,0.06
3/23/2019,676000,14165,0.0248,0.06
3/24/2019,676000,14165,0.0248,0.06
3/25/2019,675000,14180,0.0248,0.06
3/26/2019,681000,14170,0.0248,0.06
3/27/2019,676000,14195,0.0248,0.06
3/28/2019,674000,14242,0.0248,0.06
3/29/2019,669000,14240,0.0248,0.06
3/30/2019,669000,14240,0.0248,0.06
3/31/2019,669000,14240,0.0248,0.06
4/1/2019,669000,14225,0.0283,0.06
4/2/2019,669000,14220,0.0283,0.06
4/3/2019,669000,14220,0.0283,0.06
4/4/2019,670000,14180,0.0283,0.06
4/5/2019,669500,14125,0.0283,0.06
4/6/2019,669500,14125,0.0283,0.06
4/7/2019,669500,14125,0.0283,0.06
4/8/2019,669500,14163,0.0283,0.06
4/9/2019,671000,14133,0.0283,0.06
4/10/2019,672500,14150,0.0283,0.06
4/11/2019,673500,14135,0.0283,0.06
4/12/2019,669000,14092.5,0.0283,0.06
4/13/2019,668500,14092.5,0.0283,0.06
4/14/2019,668500,14092.5,0.0283,0.06
4/15/2019,669000,14060,0.0283,0.06
4/16/2019,666500,14085,0.0283,0.06
4/17/2019,666500,14085,0.0283,0.06
4/18/2019,665000,14042.5,0.0283,0.06
4/19/2019,665000,14042.5,0.0283,0.06
4/20/2019,665000,14042.5,0.0283,0.06
4/21/2019,665000,14042.5,0.0283,0.06
4/22/2019,665000,14075,0.0283,0.06
4/23/2019,665000,14075,0.0283,0.06
4/24/2019,665000,14095,0.0283,0.06
4/25/2019,667000,14185,0.0283,0.06
4/26/2019,670000,14187.5,0.0283,0.06
4/27/2019,673500,14187.5,0.0283,0.06
4/28/2019,673500,14187.5,0.0283,0.06
4/29/2019,673000,14200,0.0283,0.06
4/30/2019,670500,14250,0.0283,0.06
5/1/2019,673000,14250,0.0332,0.06
5/2/2019,670000,14250,0.0332,0.06
5/3/2019,669000,14255,0.0332,0.06
5/4/2019,674000,14255,0.0332,0.06
5/5/2019,674000,14255,0.0332,0.06
5/6/2019,673000,14292.5,0.0332,0.06
5/7/2019,674000,14280,0.0332,0.06
5/8/2019,674500,14295,0.0332,0.06
5/9/2019,671000,14350,0.0332,0.06
5/10/2019,673000,14325,0.0332,0.06
5/11/2019,673500,14325,0.0332,0.06
5/12/2019,673500,14325,0.0332,0.06
5/13/2019,673500,14415,0.0332,0.06
5/14/2019,678000,14430,0.0332,0.06
5/15/2019,678000,14460,0.0332,0.06
5/16/2019,678000,14450,0.0332,0.06
5/17/2019,674000,14450,0.0332,0.06
5/18/2019,672000,14450,0.0332,0.06
5/19/2019,672000,14450,0.0332,0.06
5/20/2019,672000,14455,0.0332,0.06
5/21/2019,672000,14480,0.0332,0.06
5/22/2019,671000,14525,0.0332,0.06
5/23/2019,671000,14460,0.0332,0.06
5/24/2019,675000,14392.5,0.0332,0.06
5/25/2019,675000,14392.5,0.0332,0.06
5/26/2019,675000,14392.5,0.0332,0.06
5/27/2019,674000,14380,0.0332,0.06
5/28/2019,671000,14375,0.0332,0.06
5/29/2019,670000,14400,0.0332,0.06
5/30/2019,670000,14400,0.0332,0.06
5/31/2019,675000,14275,0.0332,0.06
6/1/2019,675000,14275,0.0328,0.06
6/2/2019,675000,14275,0.0328,0.06
6/3/2019,675000,14275,0.0328,0.06
6/4/2019,675000,14275,0.0328,0.06
6/5/2019,675000,14275,0.0328,0.06
6/6/2019,675000,14275,0.0328,0.06
6/7/2019,675000,14275,0.0328,0.06
6/8/2019,675000,14275,0.0328,0.06
6/9/2019,675000,14275,0.0328,0.06
6/10/2019,690000,14250,0.0328,0.06
6/11/2019,682000,14237.5,0.0328,0.06
6/12/2019,682000,14235,0.0328,0.06
6/13/2019,684000,14280,0.0328,0.06
6/14/2019,690000,14325,0.0328,0.06
6/15/2019,690000,14325,0.0328,0.06
6/16/2019,690000,14325,0.0328,0.06
6/17/2019,688000,14335,0.0328,0.06
6/18/2019,691000,14322.5,0.0328,0.06
6/19/2019,693000,14269.5,0.0328,0.06
6/20/2019,703000,14182.5,0.0328,0.06
6/21/2019,711000,14155,0.0328,0.06
6/22/2019,708000,14155,0.0328,0.06
6/23/2019,708000,14155,0.0328,0.06
6/24/2019,711500,14140,0.0328,0.06
6/25/2019,722000,14125,0.0328,0.06
6/26/2019,718000,14175,0.0328,0.06
6/27/2019,716000,14140,0.0328,0.06
6/28/2019,720000,14127.5,0.0328,0.06
6/29/2019,720000,14127.5,0.0328,0.06
6/30/2019,714000,14127.5,0.0328,0.06
7/1/2019,708000,14112.5,0.0332,0.06
7/2/2019,703000,14137.5,0.0332,0.06
7/3/2019,723000,14117.5,0.0332,0.06
7/4/2019,720000,14140,0.0332,0.06
7/5/2019,718000,14082.5,0.0332,0.06
7/6/2019,710000,14082.5,0.0332,0.06
7/7/2019,710000,14082.5,0.0332,0.06
7/8/2019,709000,14110,0.0332,0.06
7/9/2019,708000,14130,0.0332,0.06
7/10/2019,708000,14130,0.0332,0.06
7/11/2019,720000,14065,0.0332,0.06
7/12/2019,710000,14007,0.0332,0.06
7/13/2019,715000,14007,0.0332,0.06
7/14/2019,715000,14007,0.0332,0.06
7/15/2019,715000,13919.5,0.0332,0.06
7/16/2019,711000,13935,0.0332,0.06
7/17/2019,706000,13980,0.0332,0.06
7/18/2019,714000,13960,0.0332,0.0575
7/19/2019,723000,13935,0.0332,0.0575
7/20/2019,723000,13935,0.0332,0.0575
7/21/2019,712000,13935,0.0332,0.0575
7/22/2019,713000,13945,0.0332,0.0575
7/23/2019,714000,13984,0.0332,0.0575
7/24/2019,712000,13993,0.0332,0.0575
7/25/2019,717000,13977.5,0.0332,0.0575
7/26/2019,711000,14004,0.0332,0.0575
7/27/2019,713000,14004,0.0332,0.0575
7/28/2019,713000,14004,0.0332,0.0575
7/29/2019,714000,14020,0.0332,0.0575
7/30/2019,716000,14020,0.0332,0.0575
7/31/2019,720000,14017,0.0332,0.0575
8/1/2019,711500,14116,0.0349,0.0575
8/2/2019,726000,14180,0.0349,0.0575
8/3/2019,731000,14180,0.0349,0.0575
8/4/2019,731000,14180,0.0349,0.0575
8/5/2019,733000,14255,0.0349,0.0575
8/6/2019,748000,14265,0.0349,0.0575
8/7/2019,755000,14222.5,0.0349,0.0575
8/8/2019,762000,14208,0.0349,0.0575
8/9/2019,761000,14190,0.0349,0.0575
8/10/2019,756000,14190,0.0349,0.0575
8/11/2019,756000,14190,0.0349,0.0575
8/12/2019,758000,14247.5,0.0349,0.0575
8/13/2019,764000,14317.5,0.0349,0.0575
8/14/2019,763000,14245,0.0349,0.0575
8/15/2019,768000,14267.5,0.0349,0.0575
8/16/2019,775000,14235,0.0349,0.0575
8/17/2019,768000,14235,0.0349,0.0575
8/18/2019,768000,14235,0.0349,0.0575
8/19/2019,766000,14235,0.0349,0.0575
8/20/2019,758000,14260,0.0349,0.0575
8/21/2019,765000,14240,0.0349,0.0575
8/22/2019,764000,14235,0.0349,0.055
8/23/2019,760000,14212.5,0.0349,0.055
8/24/2019,774000,14212.5,0.0349,0.055
8/25/2019,774000,14212.5,0.0349,0.055
8/26/2019,783000,14240,0.0349,0.055
8/27/2019,775500,14255,0.0349,0.055
8/28/2019,781000,14255,0.0349,0.055
8/29/2019,780000,14237.5,0.0349,0.055
8/30/2019,775000,14185,0.0349,0.055
8/31/2019,772000,14185,0.0349,0.055
9/1/2019,772000,14185,0.0339,0.055
9/2/2019,777000,14194,0.0339,0.055
9/3/2019,774000,14225,0.0339,0.055
9/4/2019,784000,14152.5,0.0339,0.055
9/5/2019,784000,14150,0.0339,0.055
9/6/2019,774000,14095,0.0339,0.055
9/7/2019,768000,14095,0.0339,0.055
9/8/2019,768000,14095,0.0339,0.055
9/9/2019,767000,14031,0.0339,0.055
9/10/2019,763000,14050,0.0339,0.055
9/11/2019,760000,14060,0.0339,0.055
9/12/2019,761000,13990,0.0339,0.055
9/13/2019,762000,13965,0.0339,0.055
9/14/2019,754000,13965,0.0339,0.055
9/15/2019,754000,13965,0.0339,0.055
9/16/2019,762000,14040,0.0339,0.055
9/17/2019,762000,14095,0.0339,0.055
9/18/2019,766000,14060,0.0339,0.055
9/19/2019,761000,14060,0.0339,0.0525
9/20/2019,765000,14055,0.0339,0.0525
9/21/2019,772000,14055,0.0339,0.0525
9/22/2019,772000,14055,0.0339,0.0525
9/23/2019,771000,14085,0.0339,0.0525
9/24/2019,774000,14112.5,0.0339,0.0525
9/25/2019,778000,14150,0.0339,0.0525
9/26/2019,771000,14177.5,0.0339,0.0525
9/27/2019,771000,14165,0.0339,0.0525
9/28/2019,770000,14165,0.0339,0.0525
9/29/2019,770000,14165,0.0339,0.0525
9/30/2019,770000,14195,0.0339,0.0525
10/1/2019,760000,14212.5,0.0313,0.0525
10/2/2019,764000,14195,0.0313,0.0525
10/3/2019,771000,14172.5,0.0313,0.0525
10/4/2019,773000,14135,0.0313,0.0525
10/5/2019,770000,14135,0.0313,0.0525
10/6/2019,770000,14135,0.0313,0.0525
10/7/2019,770000,14162.5,0.0313,0.0525
10/8/2019,765000,14155,0.0313,0.0525
10/9/2019,771000,14170,0.0313,0.0525
10/10/2019,775000,14151.5,0.0313,0.0525
10/11/2019,767000,14128,0.0313,0.0525
10/12/2019,765000,14128,0.0313,0.0525
10/13/2019,765000,14128,0.0313,0.0525
10/14/2019,763000,14139,0.0313,0.0525
10/15/2019,765000,14165,0.0313,0.0525
10/16/2019,761000,14169,0.0313,0.0525
10/17/2019,767000,14148,0.0313,0.0525
10/18/2019,767000,14144.5,0.0313,0.0525
10/19/2019,765000,14144.5,0.0313,0.0525
10/20/2019,765000,14144.5,0.0313,0.0525
10/21/2019,765000,14078,0.0313,0.0525
10/22/2019,761000,14040,0.0313,0.0525
10/23/2019,760000,14029,0.0313,0.0525
10/24/2019,761000,14059,0.0313,0.05
10/25/2019,763000,14035,0.0313,0.05
10/26/2019,766000,14035,0.0313,0.05
10/27/2019,766000,14035,0.0313,0.05
10/28/2019,766000,14025,0.0313,0.05
10/29/2019,761000,14025,0.0313,0.05
10/30/2019,760000,14027,0.0313,0.05
10/31/2019,764000,14037,0.0313,0.05
11/1/2019,773000,14035,0.03,0.05
11/2/2019,773000,14035,0.03,0.05
11/3/2019,773000,14035,0.03,0.05
11/4/2019,772000,14015,0.03,0.05
11/5/2019,767000,13967.5,0.03,0.05
11/6/2019,759000,14015,0.03,0.05
11/7/2019,759000,13994.5,0.03,0.05
11/8/2019,754000,14014,0.03,0.05
11/9/2019,750000,14014,0.03,0.05
11/10/2019,750000,14014,0.03,0.05
11/11/2019,751000,14063,0.03,0.05
11/12/2019,750000,14055,0.03,0.05
11/13/2019,752000,14081,0.03,0.05
11/14/2019,755000,14085,0.03,0.05
11/15/2019,757000,14073,0.03,0.05
11/16/2019,756000,14073,0.03,0.05
11/17/2019,756000,14073,0.03,0.05
11/18/2019,757000,14076.5,0.03,0.05
11/19/2019,758000,14090,0.03,0.05
11/20/2019,760000,14094.5,0.03,0.05
11/21/2019,760000,14087.5,0.03,0.05
11/22/2019,757000,14085,0.03,0.05
11/23/2019,756000,14085,0.03,0.05
11/24/2019,756000,14085,0.03,0.05
11/25/2019,756000,14075,0.03,0.05
11/26/2019,752000,14085,0.03,0.05
11/27/2019,754000,14095,0.03,0.05
11/28/2019,753000,14090,0.03,0.05
11/29/2019,753000,14105,0.03,0.05
11/30/2019,756000,14105,0.03,0.05
12/1/2019,756000,14105,0.0272,0.05
12/2/2019,755000,14125,0.0272,0.05
12/3/2019,756000,14105,0.0272,0.05
12/4/2019,762000,14105,0.0272,0.05
12/5/2019,761000,14065,0.0272,0.05
12/6/2019,760000,14037.5,0.0272,0.05
12/7/2019,756000,14037.5,0.0272,0.05
12/8/2019,756000,14037.5,0.0272,0.05
12/9/2019,753000,14015,0.0272,0.05
12/10/2019,752000,14010,0.0272,0.05
12/11/2019,753000,14035,0.0272,0.05
12/12/2019,759000,14025,0.0272,0.05
12/13/2019,755000,13985,0.0272,0.05
12/14/2019,759000,13985,0.0272,0.05
12/15/2019,759000,13985,0.0272,0.05
12/16/2019,758000,14005,0.0272,0.05
12/17/2019,760000,13990,0.0272,0.05
12/18/2019,761000,13975,0.0272,0.05
12/19/2019,760000,13985,0.0272,0.05
12/20/2019,760000,13977.5,0.0272,0.05
12/21/2019,761000,13977.5,0.0272,0.05
12/22/2019,761000,13977.5,0.0272,0.05
12/23/2019,761000,13967.5,0.0272,0.05
12/24/2019,761000,13967.5,0.0272,0.05
12/25/2019,761000,13967.5,0.0272,0.05
12/26/2019,767000,13955,0.0272,0.05
12/27/2019,771000,13950,0.0272,0.05
12/28/2019,771000,13950,0.0272,0.05
12/29/2019,771000,13950,0.0272,0.05
12/30/2019,771000,13924.5,0.0272,0.05
12/31/2019,771000,13882.5,0.0272,0.05
1/1/2020,771000,13882.5,0.0268,0.05
1/2/2020,771000,13889,0.0268,0.05
1/3/2020,775000,13925,0.0268,0.05
1/4/2020,783000,13925,0.0268,0.05
1/5/2020,783000,13925,0.0268,0.05
1/6/2020,792000,13940,0.0268,0.05
1/7/2020,793000,13875,0.0268,0.05
1/8/2020,808000,13892.5,0.0268,0.05
1/9/2020,791000,13850,0.0268,0.05
1/10/2020,786000,13762.5,0.0268,0.05
1/11/2020,789000,13762.5,0.0268,0.05
1/12/2020,789000,13762.5,0.0268,0.05
1/13/2020,787000,13668,0.0268,0.05
1/14/2020,776000,13670,0.0268,0.05
1/15/2020,776000,13665,0.0268,0.05
1/16/2020,781000,13630,0.0268,0.05
1/17/2020,777000,13637.5,0.0268,0.05
1/18/2020,779000,13637.5,0.0268,0.05
1/19/2020,779000,13637.5,0.0268,0.05
1/20/2020,778000,13632.5,0.0268,0.05
1/21/2020,780000,13657.5,0.0268,0.05
1/22/2020,778000,13644.5,0.0268,0.05
1/23/2020,781000,13630,0.0268,0.05
1/24/2020,777000,13572.5,0.0268,0.05
1/25/2020,777000,13572.5,0.0268,0.05
1/26/2020,777000,13572.5,0.0268,0.05
1/27/2020,783000,13605,0.0268,0.05
1/28/2020,783000,13637.5,0.0268,0.05
1/29/2020,780000,13627.5,0.0268,0.05
1/30/2020,783000,13645,0.0268,0.05
1/31/2020,783000,13655,0.0268,0.05
2/1/2020,790000,13655,0.0298,0.05
2/2/2020,790000,13655,0.0298,0.05
2/3/2020,788000,13742.5,0.0298,0.05
2/4/2020,787000,13710,0.0298,0.05
2/5/2020,780000,13675,0.0298,0.05
2/6/2020,779000,13620,0.0298,0.05
2/7/2020,781000,13675,0.0298,0.05
2/8/2020,781000,13675,0.0298,0.05
2/9/2020,781000,13675,0.0298,0.05
2/10/2020,784000,13695,0.0298,0.05
2/11/2020,785000,13665,0.0298,0.05
2/12/2020,783000,13660,0.0298,0.05
2/13/2020,783000,13680,0.0298,0.05
2/14/2020,786000,13675,0.0298,0.05
2/15/2020,789000,13675,0.0298,0.05
2/16/2020,789000,13675,0.0298,0.05
2/17/2020,788000,13652.5,0.0298,0.05
2/18/2020,788000,13665,0.0298,0.05
2/19/2020,792000,13687.5,0.0298,0.05
2/20/2020,797000,13707.5,0.0298,0.0475
2/21/2020,802000,13765,0.0298,0.0475
2/22/2020,813000,13765,0.0298,0.0475
2/23/2020,813000,13765,0.0298,0.0475
2/24/2020,818000,13870,0.0298,0.0475
2/25/2020,818000,13882.5,0.0298,0.0475
2/26/2020,817000,13932.5,0.0298,0.0475
2/27/2020,822000,14035,0.0298,0.0475
2/28/2020,825000,14347.5,0.0298,0.0475
2/29/2020,815000,14347.5,0.0298,0.0475
3/1/2020,815000,14347.5,0.0296,0.0475
3/2/2020,819000,14265,0.0296,0.0475
3/3/2020,824000,14281.5,0.0296,0.0475
3/4/2020,836000,14115,0.0296,0.0475
3/5/2020,831000,14170,0.0296,0.0475
3/6/2020,846000,14230,0.0296,0.0475
3/7/2020,851000,14230,0.0296,0.0475
3/8/2020,851000,14230,0.0296,0.0475
3/9/2020,860000,14392.5,0.0296,0.0475
3/10/2020,851000,14346,0.0296,0.0475
3/11/2020,848000,14352.5,0.0296,0.0475
3/12/2020,840000,14521.5,0.0296,0.0475
3/13/2020,821000,14770,0.0296,0.0475
3/14/2020,818000,14770,0.0296,0.0475
3/15/2020,818000,14770,0.0296,0.0475
3/16/2020,828000,14925,0.0296,0.0475
3/17/2020,810000,15170,0.0296,0.0475
3/18/2020,835000,15217.5,0.0296,0.0475
3/19/2020,823000,15912.5,0.0296,0.045
3/20/2020,833000,15925,0.0296,0.045
3/21/2020,879000,15925,0.0296,0.045
3/22/2020,879000,15925,0.0296,0.045
3/23/2020,870000,16575,0.0296,0.045
3/24/2020,928000,16500,0.0296,0.045
3/25/2020,928000,16500,0.0296,0.045
3/26/2020,933000,16305,0.0296,0.045
3/27/2020,933000,16140,0.0296,0.045
3/28/2020,933000,16140,0.0296,0.045
3/29/2020,933000,16140,0.0296,0.045
3/30/2020,935000,16337.5,0.0296,0.045
3/31/2020,933000,16310,0.0296,0.045
4/1/2020,920000,16450,0.0267,0.045
4/2/2020,927000,16475,0.0267,0.045
4/3/2020,953000,16425,0.0267,0.045
4/4/2020,943000,16425,0.0267,0.045
4/5/2020,943000,16425,0.0267,0.045
4/6/2020,940000,16412.5,0.0267,0.045
4/7/2020,972000,16175,0.0267,0.045
4/8/2020,955000,16175,0.0267,0.045
4/9/2020,947000,15820,0.0267,0.045
4/10/2020,947000,15820,0.0267,0.045
4/11/2020,960000,15820,0.0267,0.045
4/12/2020,960000,15820,0.0267,0.045
4/13/2020,961000,15630,0.0267,0.045
4/14/2020,957000,15630,0.0267,0.045
4/15/2020,952000,15565,0.0267,0.045
4/16/2020,948000,15640,0.0267,0.045
4/17/2020,951000,15430,0.0267,0.045
4/18/2020,936000,15430,0.0267,0.045
4/19/2020,936000,15430,0.0267,0.045
4/20/2020,926000,15412.5,0.0267,0.045
4/21/2020,933000,15455,0.0267,0.045
4/22/2020,937000,15450,0.0267,0.045
4/23/2020,943000,15400,0.0267,0.045
4/24/2020,953000,15400,0.0267,0.045
4/25/2020,952000,15400,0.0267,0.045
4/26/2020,952000,15400,0.0267,0.045
4/27/2020,948000,15385,0.0267,0.045
4/28/2020,944000,15422.5,0.0267,0.045
4/29/2020,937000,15295,0.0267,0.045
4/30/2020,937000,14875,0.0267,0.045
5/1/2020,937000,14875,0.0219,0.045
5/2/2020,925000,14875,0.0219,0.045
5/3/2020,925000,14875,0.0219,0.045
5/4/2020,923000,15100,0.0219,0.045
5/5/2020,922000,15080,0.0219,0.045
5/6/2020,922000,15045,0.0219,0.045
5/7/2020,922000,15045,0.0219,0.045
5/8/2020,927000,14920,0.0219,0.045
5/9/2020,920000,14920,0.0219,0.045
5/10/2020,920000,14920,0.0219,0.045
5/11/2020,920000,14895,0.0219,0.045
5/12/2020,912000,14905,0.0219,0.045
5/13/2020,917000,14865,0.0219,0.045
5/14/2020,919000,14885,0.0219,0.045
5/15/2020,926000,14860,0.0219,0.045
5/16/2020,928000,14860,0.0219,0.045
5/17/2020,928000,14860,0.0219,0.045
5/18/2020,934000,14850,0.0219,0.045
5/19/2020,924000,14770,0.0219,0.045
5/20/2020,926000,14710,0.0219,0.045
5/21/2020,926000,14710,0.0219,0.045
5/22/2020,916000,14710,0.0219,0.045
5/23/2020,916000,14710,0.0219,0.045
5/24/2020,916000,14710,0.0219,0.045
5/25/2020,916000,14710,0.0219,0.045
5/26/2020,917000,14755,0.0219,0.045
5/27/2020,909000,14710,0.0219,0.045
5/28/2020,908000,14715,0.0219,0.045
5/29/2020,913000,14610,0.0219,0.045
5/30/2020,914000,14610,0.0219,0.045
5/31/2020,914000,14610,0.0219,0.045
6/1/2020,914000,14610,0.0196,0.045
6/2/2020,920000,14415,0.0196,0.045
6/3/2020,904000,14095,0.0196,0.045
6/4/2020,887000,14095,0.0196,0.045
6/5/2020,888000,13870,0.0196,0.045
6/6/2020,876000,13870,0.0196,0.045
6/7/2020,876000,13870,0.0196,0.045
6/8/2020,876000,13885,0.0196,0.045
6/9/2020,875000,13890,0.0196,0.045
6/10/2020,881000,13980,0.0196,0.045
6/11/2020,893000,14015,0.0196,0.045
6/12/2020,886000,14125,0.0196,0.045
6/13/2020,900000,14125,0.0196,0.045
6/14/2020,900000,14125,0.0196,0.045
6/15/2020,902000,14115,0.0196,0.045
6/16/2020,898000,14090,0.0196,0.045
6/17/2020,895000,14082.5,0.0196,0.045
6/18/2020,900000,14085,0.0196,0.0425
6/19/2020,895000,14100,0.0196,0.0425
6/20/2020,905000,14100,0.0196,0.0425
6/21/2020,905000,14100,0.0196,0.0425
6/22/2020,907000,14185,0.0196,0.0425
6/23/2020,908000,14160,0.0196,0.0425
6/24/2020,916000,14130,0.0196,0.0425
6/25/2020,907000,14175,0.0196,0.0425
6/26/2020,910000,14220,0.0196,0.0425
6/27/2020,912000,14220,0.0196,0.0425
6/28/2020,912000,14220,0.0196,0.0425
6/29/2020,911000,14245,0.0196,0.0425
6/30/2020,918000,14255,0.0196,0.0425
7/1/2020,919000,14265,0.0154,0.0425
7/2/2020,915000,14378.5,0.0154,0.0425
7/3/2020,928000,14510,0.0154,0.0425
7/4/2020,930000,14510,0.0154,0.0425
7/5/2020,930000,14510,0.0154,0.0425
7/6/2020,931000,14490,0.0154,0.0425
7/7/2020,934000,14440,0.0154,0.0425
7/8/2020,934000,14410,0.0154,0.0425
7/9/2020,940000,14395,0.0154,0.0425
7/10/2020,937000,14435,0.0154,0.0425
7/11/2020,937000,14435,0.0154,0.0425
7/12/2020,937000,14435,0.0154,0.0425
7/13/2020,938000,14425,0.0154,0.0425
7/14/2020,938000,14450,0.0154,0.0425
7/15/2020,942000,14587.5,0.0154,0.0425
7/16/2020,949000,14625,0.0154,0.04
7/17/2020,944000,14695,0.0154,0.04
7/18/2020,956000,14695,0.0154,0.04
7/19/2020,956000,14695,0.0154,0.04
7/20/2020,956000,14785,0.0154,0.04
7/21/2020,963000,14738.5,0.0154,0.04
7/22/2020,982000,14650,0.0154,0.04
7/23/2020,977000,14580,0.0154,0.04
7/24/2020,984000,14610,0.0154,0.04
7/25/2020,989000,14610,0.0154,0.04
7/26/2020,989000,14610,0.0154,0.04
7/27/2020,997000,14520,0.0154,0.04
7/28/2020,1022000,14535,0.0154,0.04
7/29/2020,1013000,14535,0.0154,0.04
7/30/2020,1016000,14600,0.0154,0.04
7/31/2020,1016000,14600,0.0154,0.04
8/1/2020,1028000,14600,0.0132,0.04
8/2/2020,1028000,14600,0.0132,0.04
8/3/2020,1028000,14630,0.0132,0.04
8/4/2020,1029000,14620,0.0132,0.04
8/5/2020,1048000,14550,0.0132,0.04
8/6/2020,1054000,14585,0.0132,0.04
8/7/2020,1065000,14580,0.0132,0.04
8/8/2020,1055000,14580,0.0132,0.04
8/9/2020,1055000,14580,0.0132,0.04
8/10/2020,1054000,14590,0.0132,0.04
8/11/2020,1056000,14620,0.0132,0.04
8/12/2020,1026000,14685,0.0132,0.04
8/13/2020,1028000,14700,0.0132,0.04
8/14/2020,1040000,14720,0.0132,0.04
8/15/2020,1035000,14720,0.0132,0.04
8/16/2020,1035000,14720,0.0132,0.04
8/17/2020,1030000,14720,0.0132,0.04
8/18/2020,1050000,14830,0.0132,0.04
8/19/2020,1058000,14770,0.0132,0.04
8/20/2020,1030000,14770,0.0132,0.04
8/21/2020,1031000,14770,0.0132,0.04
8/22/2020,1027000,14770,0.0132,0.04
8/23/2020,1027000,14770,0.0132,0.04
8/24/2020,1023000,14670,0.0132,0.04
8/25/2020,1021000,14640,0.0132,0.04
8/26/2020,1011000,14670,0.0132,0.04
8/27/2020,1019000,14650,0.0132,0.04
8/28/2020,1012000,14615,0.0132,0.04
8/29/2020,1027000,14615,0.0132,0.04
8/30/2020,1027000,14615,0.0132,0.04
8/31/2020,1030000,14560,0.0132,0.04
9/1/2020,1020000,14565,0.0142,0.04
9/2/2020,1024000,14740,0.0142,0.04
9/3/2020,1024000,14760,0.0142,0.04
9/4/2020,1021000,14740,0.0142,0.04
9/5/2020,1020000,14740,0.0142,0.04
9/6/2020,1020000,14740,0.0142,0.04
9/7/2020,1020000,14730,0.0142,0.04
9/8/2020,1015000,14760,0.0142,0.04
9/9/2020,1017000,14780,0.0142,0.04
9/10/2020,1027000,14820,0.0142,0.04
9/11/2020,1028000,14860,0.0142,0.04
9/12/2020,1031000,14860,0.0142,0.04
9/13/2020,1031000,14860,0.0142,0.04
9/14/2020,1031000,14860,0.0142,0.04
9/15/2020,1037000,14835,0.0142,0.04
9/16/2020,1030000,14825,0.0142,0.04
9/17/2020,1030000,14820,0.0142,0.04
9/18/2020,1030000,14730,0.0142,0.04
9/19/2020,1023000,14730,0.0142,0.04
9/20/2020,1023000,14730,0.0142,0.04
9/21/2020,1024000,14690,0.0142,0.04
9/22/2020,1009000,14750,0.0142,0.04
9/23/2020,1007000,14780,0.0142,0.04
9/24/2020,1002000,14845,0.0142,0.04
9/25/2020,1009000,14845,0.0142,0.04
9/26/2020,1006000,14845,0.0142,0.04
9/27/2020,1006000,14845,0.0142,0.04
9/28/2020,1006000,14850,0.0142,0.04
9/29/2020,1014000,14845,0.0142,0.04
9/30/2020,1016000,14840,0.0142,0.04
10/1/2020,1013000,14820,0.0144,0.04
10/2/2020,1015000,14830,0.0144,0.04
10/3/2020,1014000,14830,0.0144,0.04
10/4/2020,1014000,14830,0.0144,0.04
10/5/2020,1015000,14790,0.0144,0.04
10/6/2020,1017000,14710,0.0144,0.04
10/7/2020,999000,14690,0.0144,0.04
10/8/2020,1004000,14685,0.0144,0.04
10/9/2020,1007000,14675,0.0144,0.04
10/10/2020,1019000,14675,0.0144,0.04
10/11/2020,1019000,14675,0.0144,0.04
10/12/2020,1017000,14680,0.0144,0.04
10/13/2020,1015000,14680,0.0144,0.04
10/14/2020,1007000,14680,0.0144,0.04
10/15/2020,1009000,14660,0.0144,0.04
10/16/2020,1011000,14670,0.0144,0.04
10/17/2020,1008000,14670,0.0144,0.04
10/18/2020,1008000,14670,0.0144,0.04
10/19/2020,1008000,14670,0.0144,0.04
10/20/2020,1008000,14650,0.0144,0.04
10/21/2020,1012000,14610,0.0144,0.04
10/22/2020,1011000,14640,0.0144,0.04
10/23/2020,1007000,14650,0.0144,0.04
10/24/2020,1008000,14650,0.0144,0.04
10/25/2020,1008000,14650,0.0144,0.04
10/26/2020,1007000,14630,0.0144,0.04
10/27/2020,1007000,14620,0.0144,0.04
10/28/2020,1007000,14620,0.0144,0.04
10/29/2020,995000,14620,0.0144,0.04
10/30/2020,992000,14620,0.0144,0.04
10/31/2020,996000,14620,0.0144,0.04
11/1/2020,996000,14620,0.0159,0.04
11/2/2020,994000,14625,0.0159,0.04
11/3/2020,1004000,14570,0.0159,0.04
11/4/2020,1004000,14540,0.0159,0.04
11/5/2020,1000000,14370,0.0159,0.04
11/6/2020,1009000,14190,0.0159,0.04
11/7/2020,1004000,14190,0.0159,0.04
11/8/2020,1004000,14190,0.0159,0.04
11/9/2020,1006000,14050,0.0159,0.04
11/10/2020,972000,14040,0.0159,0.04
11/11/2020,970000,14070,0.0159,0.04
11/12/2020,968000,14140,0.0159,0.04
11/13/2020,978000,14150,0.0159,0.04
11/14/2020,985000,14150,0.0159,0.04
11/15/2020,985000,14150,0.0159,0.04
11/16/2020,985000,14100,0.0159,0.04
11/17/2020,980000,14030,0.0159,0.04
11/18/2020,975000,14050,0.0159,0.04
11/19/2020,973000,14140,0.0159,0.0375
11/20/2020,973000,14150,0.0159,0.0375
11/21/2020,977000,14150,0.0159,0.0375
11/22/2020,977000,14150,0.0159,0.0375
11/23/2020,977000,14130,0.0159,0.0375
11/24/2020,961000,14140,0.0159,0.0375
11/25/2020,953000,14130,0.0159,0.0375
11/26/2020,953000,14090,0.0159,0.0375
11/27/2020,951000,14070,0.0159,0.0375
11/28/2020,942000,14070,0.0159,0.0375
11/29/2020,942000,14070,0.0159,0.0375
11/30/2020,942000,14090,0.0159,0.0375
12/1/2020,938000,14100,0.0168,0.0375
12/2/2020,952000,14090,0.0168,0.0375
12/3/2020,957000,14100,0.0168,0.0375
12/4/2020,961000,14085,0.0168,0.0375
12/5/2020,960000,14085,0.0168,0.0375
12/6/2020,960000,14085,0.0168,0.0375
12/7/2020,959000,14080,0.0168,0.0375
12/8/2020,966000,14080,0.0168,0.0375
12/9/2020,966000,14080,0.0168,0.0375
12/10/2020,956000,14090,0.0168,0.0375
12/11/2020,954000,14070,0.0168,0.0375
12/12/2020,954000,14070,0.0168,0.0375
12/13/2020,954000,14070,0.0168,0.0375
12/14/2020,952000,14070,0.0168,0.0375
12/15/2020,951000,14090,0.0168,0.0375
12/16/2020,962000,14090,0.0168,0.0375
12/17/2020,965000,14085,0.0168,0.0375
12/18/2020,972000,14080,0.0168,0.0375
12/19/2020,970000,14080,0.0168,0.0375
12/20/2020,970000,14080,0.0168,0.0375
12/21/2020,976000,14100,0.0168,0.0375
12/22/2020,970000,14145,0.0168,0.0375
12/23/2020,966000,14150,0.0168,0.0375
12/24/2020,971000,14150,0.0168,0.0375
12/25/2020,973000,14150,0.0168,0.0375
12/26/2020,973000,14150,0.0168,0.0375
12/27/2020,973000,14150,0.0168,0.0375
12/28/2020,977000,14140,0.0168,0.0375
12/29/2020,967000,14110,0.0168,0.0375
12/30/2020,965000,14040,0.0168,0.0375
12/31/2020,965000,14040,0.0168,0.0375
1/1/2021,965000,14213.7,0.0155,0.0375
1/2/2021,969000,14213.7,0.0155,0.0375
1/3/2021,969000,14213.7,0.0155,0.0375
1/4/2021,975000,13885,0.0155,0.0375
1/5/2021,975000,13900,0.0155,0.0375
1/6/2021,981000,13880,0.0155,0.0375
1/7/2021,971000,13890,0.0155,0.0375
1/8/2021,969000,13980,0.0155,0.0375
1/9/2021,954000,13980,0.0155,0.0375
1/10/2021,954000,13980,0.0155,0.0375
1/11/2021,952000,14080,0.0155,0.0375
1/12/2021,957000,14120,0.0155,0.0375
1/13/2021,965000,14055,0.0155,0.0375
1/14/2021,955000,14050,0.0155,0.0375
1/15/2021,956000,14010,0.0155,0.0375
1/16/2021,948000,14010,0.0155,0.0375
1/17/2021,948000,14010,0.0155,0.0375
1/18/2021,944000,14060,0.0155,0.0375
1/19/2021,952000,14050,0.0155,0.0375
1/20/2021,954000,14020,0.0155,0.0375
1/21/2021,963000,13980,0.0155,0.0375
1/22/2021,961000,14020,0.0155,0.0375
1/23/2021,957000,14020,0.0155,0.0375
1/24/2021,957000,14020,0.0155,0.0375
1/25/2021,958000,14010,0.0155,0.0375
1/26/2021,958000,14040,0.0155,0.0375
1/27/2021,956000,14035,0.0155,0.0375
1/28/2021,952000,14050,0.0155,0.0375
1/29/2021,954000,14020,0.0155,0.0375
1/30/2021,954000,14020,0.0155,0.0375
1/31/2021,954000,14020,0.0155,0.0375
2/1/2021,955000,14010,0.0138,0.0375
2/2/2021,954000,14020,0.0138,0.0375
2/3/2021,947000,14000,0.0138,0.0375
2/4/2021,943000,14010,0.0138,0.0375
2/5/2021,930000,14020,0.0138,0.0375
2/6/2021,940000,14020,0.0138,0.0375
2/7/2021,940000,14020,0.0138,0.0375
2/8/2021,940000,13995,0.0138,0.0375
2/9/2021,943000,13990,0.0138,0.0375
2/10/2021,945000,13980,0.0138,0.0375
2/11/2021,945000,13970,0.0138,0.0375
2/12/2021,945000,13970,0.0138,0.0375
2/13/2021,940000,13970,0.0138,0.0375
2/14/2021,940000,13970,0.0138,0.0375
2/15/2021,940000,13910,0.0138,0.0375
2/16/2021,935000,13920,0.0138,0.0375
2/17/2021,922000,14010,0.0138,0.0375
2/18/2021,925000,14010,0.0138,0.035
2/19/2021,923000,14060,0.0138,0.035
2/20/2021,930000,14060,0.0138,0.035
2/21/2021,930000,14060,0.0138,0.035
2/22/2021,930000,14110,0.0138,0.035
2/23/2021,938000,14090,0.0138,0.035
2/24/2021,938000,14080,0.0138,0.035
2/25/2021,934000,14080,0.0138,0.035
2/26/2021,922000,14240,0.0138,0.035
2/27/2021,917000,14240,0.0138,0.035
2/28/2021,917000,14240,0.0138,0.035
3/1/2021,923000,14250,0.0137,0.035
3/2/2021,923000,14300,0.0137,0.035
3/3/2021,928000,14240,0.0137,0.035
3/4/2021,923000,14260,0.0137,0.035
3/5/2021,918000,14290,0.0137,0.035
3/6/2021,923000,14290,0.0137,0.035
3/7/2021,923000,14290,0.0137,0.035
3/8/2021,924000,14350,0.0137,0.035
3/9/2021,915000,14390,0.0137,0.035
3/10/2021,930000,14395,0.0137,0.035
3/11/2021,930000,14395,0.0137,0.035
3/12/2021,929000,14380,0.0137,0.035
3/13/2021,926000,14380,0.0137,0.035
3/14/2021,926000,14380,0.0137,0.035
3/15/2021,924000,14395,0.0137,0.035
3/16/2021,927000,14400,0.0137,0.035
3/17/2021,927000,14425,0.0137,0.035
3/18/2021,935000,14390,0.0137,0.035
3/19/2021,925000,14400,0.0137,0.035
3/20/2021,934000,14400,0.0137,0.035
3/21/2021,934000,14400,0.0137,0.035
3/22/2021,931000,14400,0.0137,0.035
3/23/2021,929000,14390,0.0137,0.035
3/24/2021,921000,14420,0.0137,0.035
3/25/2021,924000,14420,0.0137,0.035
3/26/2021,921000,14410,0.0137,0.035
3/27/2021,922000,14410,0.0137,0.035
3/28/2021,922000,14410,0.0137,0.035
3/29/2021,921000,14440,0.0137,0.035
3/30/2021,911000,14470,0.0137,0.035
3/31/2021,903000,14520,0.0137,0.035
4/1/2021,913000,14520,0.0142,0.035
4/2/2021,922000,14520,0.0142,0.035
4/3/2021,922000,14520,0.0142,0.035
4/4/2021,922000,14520,0.0142,0.035
4/5/2021,921000,14510,0.0142,0.035
4/6/2021,920000,14500,0.0142,0.035
4/7/2021,924000,14490,0.0142,0.035
4/8/2021,922000,14530,0.0142,0.035
4/9/2021,931000,14560,0.0142,0.035
4/10/2021,927000,14560,0.0142,0.035
4/11/2021,927000,14560,0.0142,0.035
4/12/2021,926000,14590,0.0142,0.035
4/13/2021,924000,14600,0.0142,0.035
4/14/2021,930000,14600,0.0142,0.035
4/15/2021,925000,14600,0.0142,0.035
4/16/2021,935000,14560,0.0142,0.035
4/17/2021,937000,14560,0.0142,0.035
4/18/2021,937000,14560,0.0142,0.035
4/19/2021,939000,14545,0.0142,0.035
4/20/2021,933000,14495,0.0142,0.035
4/21/2021,932000,14525,0.0142,0.035
4/22/2021,940000,14515,0.0142,0.035
4/23/2021,935000,14520,0.0142,0.035
4/24/2021,933000,14520,0.0142,0.035
4/25/2021,933000,14520,0.0142,0.035
4/26/2021,933000,14480,0.0142,0.035
4/27/2021,930000,14480,0.0142,0.035
4/28/2021,926000,14495,0.0142,0.035
4/29/2021,931000,14445,0.0142,0.035
4/30/2021,922000,14440,0.0142,0.035
5/1/2021,921000,14440,0.0168,0.035
5/2/2021,921000,14440,0.0168,0.035
5/3/2021,921000,14445,0.0168,0.035
5/4/2021,930000,14425,0.0168,0.035
5/5/2021,922000,14430,0.0168,0.035
5/6/2021,926000,14315,0.0168,0.035
5/7/2021,934000,14280,0.0168,0.035
5/8/2021,937000,14280,0.0168,0.035
5/9/2021,937000,14280,0.0168,0.035
5/10/2021,937000,14195,0.0168,0.035
5/11/2021,933000,14195,0.0168,0.035
5/12/2021,933000,14195,0.0168,0.035
5/13/2021,933000,14195,0.0168,0.035
5/14/2021,933000,14195,0.0168,0.035
5/15/2021,933000,14195,0.0168,0.035
5/16/2021,933000,14195,0.0168,0.035
5/17/2021,937000,14280,0.0168,0.035
5/18/2021,947000,14270,0.0168,0.035
5/19/2021,948000,14275,0.0168,0.035
5/20/2021,947000,14370,0.0168,0.035
5/21/2021,957000,14350,0.0168,0.035
5/22/2021,958000,14350,0.0168,0.035
5/23/2021,958000,14350,0.0168,0.035
5/24/2021,959000,14350,0.0168,0.035
5/25/2021,955000,14325,0.0168,0.035
5/26/2021,955000,14325,0.0168,0.035
5/27/2021,962000,14285,0.0168,0.035
5/28/2021,962000,14280,0.0168,0.035
5/29/2021,965000,14280,0.0168,0.035
5/30/2021,965000,14280,0.0168,0.035
5/31/2021,965000,14275,0.0168,0.035
6/1/2021,965000,14275,0.0133,0.035
6/2/2021,961000,14275,0.0133,0.035
6/3/2021,964000,14280,0.0133,0.035
6/4/2021,949000,14290,0.0133,0.035
6/5/2021,960000,14290,0.0133,0.035
6/6/2021,960000,14290,0.0133,0.035
6/7/2021,959000,14260,0.0133,0.035
6/8/2021,960000,14250,0.0133,0.035
6/9/2021,957000,14250,0.0133,0.035
6/10/2021,954000,14245,0.0133,0.035
6/11/2021,957000,14188,0.0133,0.035
6/12/2021,948000,14188,0.0133,0.035
6/13/2021,948000,14188,0.0133,0.035
6/14/2021,945000,14200,0.0133,0.035
6/15/2021,943000,14220,0.0133,0.035
6/16/2021,940000,14235,0.0133,0.035
6/17/2021,928000,14350,0.0133,0.035
6/18/2021,920000,14370,0.0133,0.035
6/19/2021,920000,14370,0.0133,0.035
6/20/2021,920000,14370,0.0133,0.035
6/21/2021,923000,14425,0.0133,0.035
6/22/2021,932000,14400,0.0133,0.035
6/23/2021,930000,14430,0.0133,0.035
6/24/2021,932000,14435,0.0133,0.035
6/25/2021,932000,14420,0.0133,0.035
6/26/2021,934000,14420,0.0133,0.035
6/27/2021,934000,14420,0.0133,0.035
6/28/2021,933000,14440,0.0133,0.035
6/29/2021,932000,14480,0.0133,0.035
6/30/2021,927000,14495,0.0133,0.035
7/1/2021,932000,14500,0.0152,0.035
7/2/2021,935000,14530,0.0152,0.035
7/3/2021,942000,14530,0.0152,0.035
7/4/2021,942000,14530,0.0152,0.035
7/5/2021,941000,14476,0.0152,0.035
7/6/2021,939000,14465,0.0152,0.035
7/7/2021,940000,14480,0.0152,0.035
7/8/2021,945000,14520,0.0152,0.035
7/9/2021,947000,14525,0.0152,0.035
7/10/2021,950000,14525,0.0152,0.035
7/11/2021,950000,14525,0.0152,0.035
7/12/2021,950000,14490,0.0152,0.035
7/13/2021,946000,14462,0.0152,0.035
7/14/2021,945000,14475,0.0152,0.035
7/15/2021,953000,14480,0.0152,0.035
7/16/2021,956000,14495,0.0152,0.035
7/17/2021,949000,14495,0.0152,0.035
7/18/2021,949000,14495,0.0152,0.035
7/19/2021,950000,14515,0.0152,0.035
7/20/2021,950000,14515,0.0152,0.035
7/21/2021,947000,14540,0.0152,0.035
7/22/2021,946000,14480,0.0152,0.035
7/23/2021,946000,14490,0.0152,0.035
7/24/2021,943000,14490,0.0152,0.035
7/25/2021,943000,14490,0.0152,0.035
7/26/2021,942000,14480,0.0152,0.035
7/27/2021,940000,14490,0.0152,0.035
7/28/2021,940000,14485,0.0152,0.035
7/29/2021,945000,14480,0.0152,0.035
7/30/2021,953000,14460,0.0152,0.035
7/31/2021,948000,14460,0.0152,0.035
8/1/2021,948000,14460,0.0159,0.035
8/2/2021,948000,14420,0.0159,0.035
8/3/2021,948000,14340,0.0159,0.035
8/4/2021,943000,14310,0.0159,0.035
8/5/2021,941000,14340,0.0159,0.035
8/6/2021,939000,14350,0.0159,0.035
8/7/2021,931000,14350,0.0159,0.035
8/8/2021,931000,14350,0.0159,0.035
8/9/2021,921000,14360,0.0159,0.035
8/10/2021,925000,14380,0.0159,0.035
8/11/2021,925000,14380,0.0159,0.035
8/12/2021,932000,14380,0.0159,0.035
8/13/2021,932000,14385,0.0159,0.035
8/14/2021,942000,14385,0.0159,0.035
8/15/2021,942000,14385,0.0159,0.035
8/16/2021,942000,14370,0.0159,0.035
8/17/2021,942000,14370,0.0159,0.035
8/18/2021,946000,14370,0.0159,0.035
8/19/2021,947000,14400,0.0159,0.035
8/20/2021,946000,14450,0.0159,0.035
8/21/2021,948000,14450,0.0159,0.035
8/22/2021,948000,14450,0.0159,0.035
8/23/2021,946000,14410,0.0159,0.035
8/24/2021,953000,14390,0.0159,0.035
8/25/2021,950000,14395,0.0159,0.035
8/26/2021,942000,14415,0.0159,0.035
8/27/2021,942000,14415,0.0159,0.035
8/28/2021,951000,14415,0.0159,0.035
8/29/2021,951000,14415,0.0159,0.035
8/30/2021,951000,14368,0.0159,0.035
8/31/2021,944000,14265,0.0159,0.035
9/1/2021,941000,14280,0.016,0.035
9/2/2021,939000,14270,0.016,0.035
9/3/2021,937000,14260,0.016,0.035
9/4/2021,943000,14260,0.016,0.035
9/5/2021,943000,14260,0.016,0.035
9/6/2021,942000,14220,0.016,0.035
9/7/2021,940000,14210,0.016,0.035
9/8/2021,928000,14250,0.016,0.035
9/9/2021,930000,14250,0.016,0.035
9/10/2021,934000,14200,0.016,0.035
9/11/2021,929000,14200,0.016,0.035
9/12/2021,929000,14200,0.016,0.035
9/13/2021,929000,14250,0.016,0.035
9/14/2021,932000,14245,0.016,0.035
9/15/2021,936000,14240,0.016,0.035
9/16/2021,932000,14250,0.016,0.035
9/17/2021,918000,14225,0.016,0.035
9/18/2021,918000,14225,0.016,0.035
9/19/2021,918000,14225,0.016,0.035
9/20/2021,917000,14240,0.016,0.035
9/21/2021,922000,14235,0.016,0.035
9/22/2021,926000,14240,0.016,0.035
9/23/2021,924000,14240,0.016,0.035
9/24/2021,917000,14255,0.016,0.035
9/25/2021,918000,14255,0.016,0.035
9/26/2021,918000,14255,0.016,0.035
9/27/2021,918000,14250,0.016,0.035
9/28/2021,918000,14270,0.016,0.035
9/29/2021,913000,14290,0.016,0.035
9/30/2021,913000,14310,0.016,0.035
10/1/2021,922000,14305,0.0166,0.035
10/2/2021,923000,14305,0.0166,0.035
10/3/2021,923000,14305,0.0166,0.035
10/4/2021,924000,14265,0.0166,0.035
10/5/2021,922000,14248,0.0166,0.035
10/6/2021,917000,14250,0.0166,0.035
10/7/2021,918000,14215,0.0166,0.035
10/8/2021,914000,14220,0.0166,0.035
10/9/2021,914000,14220,0.0166,0.035
10/10/2021,914000,14220,0.0166,0.035
10/11/2021,914000,14205,0.0166,0.035
10/12/2021,912000,14215,0.0166,0.035
10/13/2021,916000,14215,0.0166,0.035
10/14/2021,928000,14115,0.0166,0.035
10/15/2021,926000,14070,0.0166,0.035
10/16/2021,914000,14070,0.0166,0.035
10/17/2021,914000,14070,0.0166,0.035
10/18/2021,915000,14105,0.0166,0.035
10/19/2021,915000,14073,0.0166,0.035
10/20/2021,916000,14073,0.0166,0.035
10/21/2021,921000,14120,0.0166,0.035
10/22/2021,925000,14120,0.0166,0.035
10/23/2021,928000,14120,0.0166,0.035
10/24/2021,928000,14120,0.0166,0.035
10/25/2021,929000,14155,0.0166,0.035
10/26/2021,934000,14150,0.0166,0.035
10/27/2021,929000,14170,0.0166,0.035
10/28/2021,930000,14170,0.0166,0.035
10/29/2021,931000,14165,0.0166,0.035
10/30/2021,925000,14165,0.0166,0.035
10/31/2021,925000,14165,0.0166,0.035
11/1/2021,924000,14245,0.0175,0.035
11/2/2021,930000,14250,0.0175,0.035
11/3/2021,929000,14295,0.0175,0.035
11/4/2021,927000,14335,0.0175,0.035
11/5/2021,934000,14325,0.0175,0.035
11/6/2021,946000,14325,0.0175,0.035
11/7/2021,946000,14325,0.0175,0.035
11/8/2021,945000,14255,0.0175,0.035
11/9/2021,943000,14240,0.0175,0.035
11/10/2021,943000,14250,0.0175,0.035
11/11/2021,951000,14260,0.0175,0.035
11/12/2021,956000,14233,0.0175,0.035
11/13/2021,955000,14233,0.0175,0.035
11/14/2021,955000,14233,0.0175,0.035
11/15/2021,955000,14210,0.0175,0.035
11/16/2021,952000,14220,0.0175,0.035
11/17/2021,948000,14240,0.0175,0.035
11/18/2021,956000,14225,0.0175,0.035
11/19/2021,953000,14235,0.0175,0.035
11/20/2021,947000,14235,0.0175,0.035
11/21/2021,947000,14235,0.0175,0.035
11/22/2021,947000,14245,0.0175,0.035
11/23/2021,935000,14255,0.0175,0.035
11/24/2021,929000,14255,0.0175,0.035
11/25/2021,929000,14265,0.0175,0.035
11/26/2021,930000,14300,0.0175,0.035
11/27/2021,929000,14300,0.0175,0.035
11/28/2021,929000,14300,0.0175,0.035
11/29/2021,930000,14320,0.0175,0.035
11/30/2021,930000,14320,0.0175,0.035
12/1/2021,925000,14340,0.0187,0.035
12/2/2021,929000,14375,0.0187,0.035
12/3/2021,926000,14395,0.0187,0.035
12/4/2021,932000,14395,0.0187,0.035
12/5/2021,932000,14395,0.0187,0.035
12/6/2021,932000,14435,0.0187,0.035
12/7/2021,933000,14375,0.0187,0.035
12/8/2021,933000,14355,0.0187,0.035
12/9/2021,930000,14350,0.0187,0.035
12/10/2021,927000,14370,0.0187,0.035
12/11/2021,930000,14370,0.0187,0.035
12/12/2021,930000,14370,0.0187,0.035
12/13/2021,930000,14340,0.0187,0.035
12/14/2021,929000,14330,0.0187,0.035
12/15/2021,924000,14330,0.0187,0.035
12/16/2021,927000,14340,0.0187,0.035
12/17/2021,934000,14365,0.0187,0.035
12/18/2021,934000,14365,0.0187,0.035
12/19/2021,934000,14365,0.0187,0.035
12/20/2021,935000,14375,0.0187,0.035
12/21/2021,934000,14313,0.0187,0.035
12/22/2021,931000,14285,0.0187,0.035
12/23/2021,932000,14247,0.0187,0.035
12/24/2021,933000,14220,0.0187,0.035
12/25/2021,933000,14220,0.0187,0.035
12/26/2021,933000,14220,0.0187,0.035
12/27/2021,931000,14225,0.0187,0.035
12/28/2021,934000,14225,0.0187,0.035
12/29/2021,932000,14250,0.0187,0.035
12/30/2021,933000,14265,0.0187,0.035
12/31/2021,938000,14250,0.0187,0.035
1/1/2022,938000,14250,0.0218,0.035
1/2/2022,938000,14250,0.0218,0.035
1/3/2022,945000,14264,0.0218,0.035
1/4/2022,935000,14300,0.0218,0.035
1/5/2022,940000,14355,0.0218,0.035
1/6/2022,941000,14390,0.0218,0.035
1/7/2022,934000,14355,0.0218,0.035
1/8/2022,934000,14355,0.0218,0.035
1/9/2022,934000,14355,0.0218,0.035
1/10/2022,933000,14305,0.0218,0.035
1/11/2022,934000,14300,0.0218,0.035
1/12/2022,940000,14315,0.0218,0.035
1/13/2022,941000,14290,0.0218,0.035
1/14/2022,939000,14295,0.0218,0.035
1/15/2022,938000,14295,0.0218,0.035
1/16/2022,938000,14295,0.0218,0.035
1/17/2022,937000,14315,0.0218,0.035
1/18/2022,939000,14335,0.0218,0.035
1/19/2022,936000,14360,0.0218,0.035
1/20/2022,948000,14335,0.0218,0.035
1/21/2022,947000,14335,0.0218,0.035
1/22/2022,945000,14335,0.0218,0.035
1/23/2022,945000,14335,0.0218,0.035
1/24/2022,944000,14340,0.0218,0.035
1/25/2022,947000,14350,0.0218,0.035
1/26/2022,950000,14350,0.0218,0.035
1/27/2022,938000,14385,0.0218,0.035
1/28/2022,930000,14385,0.0218,0.035
1/29/2022,928000,14385,0.0218,0.035
1/30/2022,928000,14385,0.0218,0.035
1/31/2022,927000,14380,0.0218,0.035
2/1/2022,931000,14380,0.0206,0.035
2/2/2022,932000,14355,0.0206,0.035
2/3/2022,933000,14375,0.0206,0.035
2/4/2022,934000,14378,0.0206,0.035
2/5/2022,935000,14378,0.0206,0.035
2/6/2022,935000,14378,0.0206,0.035
2/7/2022,937000,14395,0.0206,0.035
2/8/2022,943000,14390,0.0206,0.035
2/9/2022,943000,14355,0.0206,0.035
2/10/2022,945000,14340,0.0206,0.035
2/11/2022,941000,14350,0.0206,0.035
2/12/2022,953000,14350,0.0206,0.035
2/13/2022,953000,14350,0.0206,0.035
2/14/2022,953000,14325,0.0206,0.035
2/15/2022,957000,14300,0.0206,0.035
2/16/2022,946000,14255,0.0206,0.035
2/17/2022,953000,14315,0.0206,0.035
2/18/2022,967000,14325,0.0206,0.035
2/19/2022,969000,14325,0.0206,0.035
2/20/2022,969000,14325,0.0206,0.035
2/21/2022,972000,14325,0.0206,0.035
2/22/2022,972000,14361,0.0206,0.035
2/23/2022,969000,14335,0.0206,0.035
2/24/2022,974000,14380,0.0206,0.035
2/25/2022,975000,14365,0.0206,0.035
2/26/2022,969000,14365,0.0206,0.035
2/27/2022,969000,14365,0.0206,0.035
2/28/2022,978000,14365,0.0206,0.035
3/1/2022,977000,14335,0.0264,0.035
3/2/2022,987000,14385,0.0264,0.035
3/3/2022,987000,14385,0.0264,0.035
3/4/2022,990000,14385,0.0264,0.035
3/5/2022,1005000,14385,0.0264,0.035
3/6/2022,1005000,14385,0.0264,0.035
3/7/2022,1013000,14405,0.0264,0.035
3/8/2022,1019000,14395,0.0264,0.035
3/9/2022,1036000,14345,0.0264,0.035
3/10/2022,1010000,14275,0.0264,0.035
3/11/2022,1010000,14300,0.0264,0.035
3/12/2022,1009000,14300,0.0264,0.035
3/13/2022,1009000,14300,0.0264,0.035
3/14/2022,1001000,14330,0.0264,0.035
3/15/2022,994000,14325,0.0264,0.035
3/16/2022,984000,14310,0.0264,0.035
3/17/2022,986000,14300,0.0264,0.035
3/18/2022,991000,14340,0.0264,0.035
3/19/2022,984000,14340,0.0264,0.035
3/20/2022,984000,14340,0.0264,0.035
3/21/2022,983000,14338,0.0264,0.035
3/22/2022,989000,14356,0.0264,0.035
3/23/2022,984000,14345,0.0264,0.035
3/24/2022,994000,14344,0.0264,0.035
3/25/2022,1000000,14340,0.0264,0.035
3/26/2022,999000,14340,0.0264,0.035
3/27/2022,999000,14340,0.0264,0.035
3/28/2022,999000,14362,0.0264,0.035
3/29/2022,985000,14363,0.0264,0.035
3/30/2022,983000,14340,0.0264,0.035
3/31/2022,987000,14368,0.0264,0.035
4/1/2022,989000,14365,0.0347,0.035
4/2/2022,985000,14365,0.0347,0.035
4/3/2022,985000,14365,0.0347,0.035
4/4/2022,985000,14353,0.0347,0.035
4/5/2022,988000,14345,0.0347,0.035
4/6/2022,983000,14355,0.0347,0.035
4/7/2022,984000,14358,0.0347,0.035
4/8/2022,988000,14360,0.0347,0.035
4/9/2022,994000,14360,0.0347,0.035
4/10/2022,994000,14360,0.0347,0.035
4/11/2022,993000,14365,0.0347,0.035
4/12/2022,997000,14360,0.0347,0.035
4/13/2022,1002000,14362,0.0347,0.035
4/14/2022,1006000,14343,0.0347,0.035
4/15/2022,1005000,14343,0.0347,0.035
4/16/2022,1005000,14343,0.0347,0.035
4/17/2022,1005000,14343,0.0347,0.035
4/18/2022,1010000,14353,0.0347,0.035
4/19/2022,1007000,14335,0.0347,0.035
4/20/2022,995000,14355,0.0347,0.035
4/21/2022,998000,14343,0.0347,0.035
4/22/2022,997000,14356,0.0347,0.035
4/23/2022,989000,14356,0.0347,0.035
4/24/2022,989000,14356,0.0347,0.035
4/25/2022,988000,14455,0.0347,0.035
4/26/2022,982000,14410,0.0347,0.035
4/27/2022,981000,14420,0.0347,0.035
4/28/2022,975000,14495,0.0347,0.035
4/29/2022,975000,14495,0.0347,0.035
4/30/2022,975000,14495,0.0347,0.035
5/1/2022,975000,14495,0.0355,0.035
5/2/2022,975000,14495,0.0355,0.035
5/3/2022,975000,14495,0.0355,0.035
5/4/2022,975000,14495,0.0355,0.035
5/5/2022,975000,14495,0.0355,0.035
5/6/2022,975000,14495,0.0355,0.035
5/7/2022,975000,14495,0.0355,0.035
5/8/2022,975000,14495,0.0355,0.035
5/9/2022,977000,14555,0.0355,0.035
5/10/2022,970000,14555,0.0355,0.035
5/11/2022,966000,14555,0.0355,0.035
5/12/2022,975000,14595,0.0355,0.035
5/13/2022,969000,14610,0.0355,0.035
5/14/2022,967000,14610,0.0355,0.035
5/15/2022,967000,14610,0.0355,0.035
5/16/2022,967000,14610,0.0355,0.035
5/17/2022,974000,14645,0.0355,0.035
5/18/2022,971000,14685,0.0355,0.035
5/19/2022,973000,14730,0.0355,0.035
5/20/2022,985000,14650,0.0355,0.035
5/21/2022,984000,14650,0.0355,0.035
5/22/2022,984000,14650,0.0355,0.035
5/23/2022,984000,14670,0.0355,0.035
5/24/2022,987000,14655,0.0355,0.035
5/25/2022,992000,14630,0.0355,0.035
5/26/2022,988000,14630,0.0355,0.035
5/27/2022,988000,14575,0.0355,0.035
5/28/2022,986000,14575,0.0355,0.035
5/29/2022,986000,14575,0.0355,0.035
5/30/2022,985000,14557,0.0355,0.035
5/31/2022,983000,14580,0.0355,0.035
6/1/2022,979000,14580,0.0435,0.035
6/2/2022,984000,14480,0.0435,0.035
6/3/2022,989000,14435,0.0435,0.035
6/4/2022,979000,14435,0.0435,0.035
6/5/2022,979000,14435,0.0435,0.035
6/6/2022,980000,14450,0.0435,0.035
6/7/2022,976000,14454,0.0435,0.035
6/8/2022,981000,14490,0.0435,0.035
6/9/2022,983000,14560,0.0435,0.035
6/10/2022,984000,14550,0.0435,0.035
6/11/2022,995000,14550,0.0435,0.035
6/12/2022,995000,14550,0.0435,0.035
6/13/2022,996000,14678,0.0435,0.035
6/14/2022,986000,14695,0.0435,0.035
6/15/2022,984000,14740,0.0435,0.035
6/16/2022,994000,14765,0.0435,0.035
6/17/2022,999000,14821,0.0435,0.035
6/18/2022,999000,14821,0.0435,0.035
6/19/2022,999000,14821,0.0435,0.035
6/20/2022,999000,14830,0.0435,0.035
6/21/2022,999000,14810,0.0435,0.035
6/22/2022,993000,14865,0.0435,0.035
6/23/2022,999000,14835,0.0435,0.035
6/24/2022,992000,14845,0.0435,0.035
6/25/2022,992000,14845,0.0435,0.035
6/26/2022,992000,14845,0.0435,0.035
6/27/2022,994000,14800,0.0435,0.035
6/28/2022,988000,14835,0.0435,0.035
6/29/2022,988000,14849,0.0435,0.035
6/30/2022,988000,14895,0.0435,0.035
7/1/2022,984000,14935,0.0494,0.035
7/2/2022,991000,14935,0.0494,0.035
7/3/2022,991000,14935,0.0494,0.035
7/4/2022,989000,14965,0.0494,0.035
7/5/2022,989000,14985,0.0494,0.035
7/6/2022,977000,14995,0.0494,0.035
7/7/2022,969000,14995,0.0494,0.035
7/8/2022,969000,14975,0.0494,0.035
7/9/2022,969000,14975,0.0494,0.035
7/10/2022,969000,14975,0.0494,0.035
7/11/2022,969000,14970,0.0494,0.035
7/12/2022,966000,14985,0.0494,0.035
7/13/2022,964000,14985,0.0494,0.035
7/14/2022,967000,14990,0.0494,0.035
7/15/2022,962000,14990,0.0494,0.035
7/16/2022,962000,14990,0.0494,0.035
7/17/2022,962000,14990,0.0494,0.035
7/18/2022,963000,14982,0.0494,0.035
7/19/2022,961000,14975,0.0494,0.035
7/20/2022,963000,14985,0.0494,0.035
7/21/2022,957000,15030,0.0494,0.035
7/22/2022,965000,15015,0.0494,0.035
7/23/2022,970000,15015,0.0494,0.035
7/24/2022,970000,15015,0.0494,0.035
7/25/2022,969000,14995,0.0494,0.035
7/26/2022,966000,14995,0.0494,0.035
7/27/2022,966000,15010,0.0494,0.035
7/28/2022,978000,14930,0.0494,0.035
7/29/2022,982000,14830,0.0494,0.035
7/30/2022,982000,14830,0.0494,0.035
7/31/2022,982000,14830,0.0494,0.035
8/1/2022,980000,14870,0.0469,0.035
8/2/2022,984000,14890,0.0469,0.035
8/3/2022,978000,14910,0.0469,0.035
8/4/2022,983000,14930,0.0469,0.035
8/5/2022,998000,14890,0.0469,0.035
8/6/2022,989000,14890,0.0469,0.035
8/7/2022,989000,14890,0.0469,0.035
8/8/2022,987000,14875,0.0469,0.035
8/9/2022,996000,14850,0.0469,0.035
8/10/2022,995000,14870,0.0469,0.035
8/11/2022,995000,14765,0.0469,0.035
8/12/2022,990000,14665,0.0469,0.035
8/13/2022,990000,14665,0.0469,0.035
8/14/2022,990000,14665,0.0469,0.035
8/15/2022,988000,14740,0.0469,0.035
8/16/2022,980000,14765,0.0469,0.035
8/17/2022,980000,14765,0.0469,0.035
8/18/2022,975000,14830,0.0469,0.035
8/19/2022,974000,14835,0.0469,0.035
8/20/2022,972000,14835,0.0469,0.035
8/21/2022,972000,14835,0.0469,0.035
8/22/2022,971000,14885,0.0469,0.035
8/23/2022,968000,14835,0.0469,0.0375
8/24/2022,972000,14845,0.0469,0.0375
8/25/2022,972000,14820,0.0469,0.0375
8/26/2022,972000,14815,0.0469,0.0375
8/27/2022,964000,14815,0.0469,0.0375
8/28/2022,964000,14815,0.0469,0.0375
8/29/2022,962000,14895,0.0469,0.0375
8/30/2022,965000,14840,0.0469,0.0375
8/31/2022,957000,14840,0.0469,0.0375
9/1/2022,949000,14880,0.0595,0.0375
9/2/2022,947000,14895,0.0595,0.0375
9/3/2022,952000,14895,0.0595,0.0375
9/4/2022,952000,14895,0.0595,0.0375
9/5/2022,951000,14900,0.0595,0.0375
9/6/2022,955000,14885,0.0595,0.0375
9/7/2022,946000,14915,0.0595,0.0375
9/8/2022,950000,14895,0.0595,0.0375
9/9/2022,947000,14828,0.0595,0.0375
9/10/2022,947000,14828,0.0595,0.0375
9/11/2022,947000,14828,0.0595,0.0375
9/12/2022,947000,14840,0.0595,0.0375
9/13/2022,950000,14850,0.0595,0.0375
9/14/2022,942000,14905,0.0595,0.0375
9/15/2022,942000,14895,0.0595,0.0375
9/16/2022,933000,14950,0.0595,0.0375
9/17/2022,940000,14950,0.0595,0.0375
9/18/2022,940000,14950,0.0595,0.0375
9/19/2022,940000,14975,0.0595,0.0375
9/20/2022,942000,14980,0.0595,0.0375
9/21/2022,937000,14995,0.0595,0.0375
9/22/2022,937000,15015,0.0595,0.0425
9/23/2022,941000,15035,0.0595,0.0425
9/24/2022,932000,15035,0.0595,0.0425
9/25/2022,932000,15035,0.0595,0.0425
9/26/2022,932000,15125,0.0595,0.0425
9/27/2022,930000,15120,0.0595,0.0425
9/28/2022,932000,15260,0.0595,0.0425
9/29/2022,942000,15260,0.0595,0.0425
9/30/2022,945000,15225,0.0595,0.0425
10/1/2022,943000,15225,0.0571,0.0425
10/2/2022,943000,15225,0.0571,0.0425
10/3/2022,945000,15300,0.0571,0.0425
10/4/2022,955000,15245,0.0571,0.0425
10/5/2022,962000,15190,0.0571,0.0425
10/6/2022,957000,15185,0.0571,0.0425
10/7/2022,953000,15250,0.0571,0.0425
10/8/2022,949000,15250,0.0571,0.0425
10/9/2022,949000,15250,0.0571,0.0425
10/10/2022,949000,15310,0.0571,0.0425
10/11/2022,941000,15355,0.0571,0.0425
10/12/2022,941000,15355,0.0571,0.0425
10/13/2022,945000,15360,0.0571,0.0425
10/14/2022,940000,15425,0.0571,0.0425
10/15/2022,935000,15425,0.0571,0.0425
10/16/2022,935000,15425,0.0571,0.0425
10/17/2022,935000,15485,0.0571,0.0425
10/18/2022,940000,15465,0.0571,0.0425
10/19/2022,940000,15495,0.0571,0.0425
10/20/2022,933000,15570,0.0571,0.0475
10/21/2022,936000,15630,0.0571,0.0475
10/22/2022,945000,15630,0.0571,0.0475
10/23/2022,945000,15630,0.0571,0.0475
10/24/2022,946000,15585,0.0571,0.0475
10/25/2022,943000,15620,0.0571,0.0475
10/26/2022,943000,15569,0.0571,0.0475
10/27/2022,948000,15565,0.0571,0.0475
10/28/2022,944000,15548,0.0571,0.0475
10/29/2022,939000,15548,0.0571,0.0475
10/30/2022,939000,15548,0.0571,0.0475
10/31/2022,939000,15595,0.0571,0.0475
11/1/2022,936000,15625,0.0542,0.0475
11/2/2022,944000,15645,0.0542,0.0475
11/3/2022,939000,15695,0.0542,0.0475
11/4/2022,939000,15735,0.0542,0.0475
11/5/2022,954000,15735,0.0542,0.0475
11/6/2022,954000,15735,0.0542,0.0475
11/7/2022,951000,15705,0.0542,0.0475
11/8/2022,950000,15695,0.0542,0.0475
11/9/2022,961000,15658,0.0542,0.0475
11/10/2022,959000,15690,0.0542,0.0475
11/11/2022,974000,15490,0.0542,0.0475
11/12/2022,972000,15490,0.0542,0.0475
11/13/2022,972000,15490,0.0542,0.0475
11/14/2022,970000,15515,0.0542,0.0475
11/15/2022,973000,15535,0.0542,0.0475
11/16/2022,981000,15600,0.0542,0.0475
11/17/2022,981000,15660,0.0542,0.0525
11/18/2022,980000,15685,0.0542,0.0525
11/19/2022,978000,15685,0.0542,0.0525
11/20/2022,978000,15685,0.0542,0.0525
11/21/2022,978000,15710,0.0542,0.0525
11/22/2022,975000,15695,0.0542,0.0525
11/23/2022,977000,15685,0.0542,0.0525
11/24/2022,981000,15663,0.0542,0.0525
11/25/2022,980000,15670,0.0542,0.0525
11/26/2022,981000,15670,0.0542,0.0525
11/27/2022,981000,15670,0.0542,0.0525
11/28/2022,979000,15720,0.0542,0.0525
11/29/2022,977000,15740,0.0542,0.0525
11/30/2022,981000,15730,0.0542,0.0525
12/1/2022,991000,15560,0.0551,0.0525
12/2/2022,1004000,15425,0.0551,0.0525
12/3/2022,998000,15425,0.0551,0.0525
12/4/2022,998000,15425,0.0551,0.0525
12/5/2022,999000,15465,0.0551,0.0525
12/6/2022,984000,15615,0.0551,0.0525
12/7/2022,984000,15635,0.0551,0.0525
12/8/2022,999000,15620,0.0551,0.0525
12/9/2022,1003000,15582,0.0551,0.0525
12/10/2022,1007000,15582,0.0551,0.0525
12/11/2022,1007000,15582,0.0551,0.0525
12/12/2022,1005000,15625,0.0551,0.0525
12/13/2022,998000,15655,0.0551,0.0525
12/14/2022,1013000,15590,0.0551,0.0525
12/15/2022,1013000,15615,0.0551,0.0525
12/16/2022,1000000,15595,0.0551,0.0525
12/17/2022,1008000,15595,0.0551,0.0525
12/18/2022,1008000,15595,0.0551,0.0525
12/19/2022,1007000,15595,0.0551,0.0525
12/20/2022,1004000,15600,0.0551,0.0525
12/21/2022,1016000,15585,0.0551,0.0525
12/22/2022,1014000,15580,0.0551,0.055
12/23/2022,1004000,15590,0.0551,0.055
12/24/2022,1006000,15590,0.0551,0.055
12/25/2022,1006000,15590,0.0551,0.055
12/26/2022,1006000,15630,0.0551,0.055
12/27/2022,1008000,15660,0.0551,0.055
12/28/2022,1014000,15700,0.0551,0.055
12/29/2022,1012000,15655,0.0551,0.055
12/30/2022,1020000,15565,0.0551,0.055
12/31/2022,1026000,15565,0.0551,0.055
1/1/2023,1026000,15565,0.0528,0.055
1/2/2023,1026000,15570,0.0528,0.055
1/3/2023,1022000,15595,0.0528,0.055
1/4/2023,1024000,15585,0.0528,0.055
1/5/2023,1031000,15605,0.0528,0.055
1/6/2023,1022000,15630,0.0528,0.055
1/7/2023,1032000,15630,0.0528,0.055
1/8/2023,1032000,15630,0.0528,0.055
1/9/2023,1033000,15565,0.0528,0.055
1/10/2023,1035000,15570,0.0528,0.055
1/11/2023,1035000,15480,0.0528,0.055
1/12/2023,1035000,15336,0.0528,0.055
1/13/2023,1042000,15140,0.0528,0.055
1/14/2023,1043000,15140,0.0528,0.055
1/15/2023,1043000,15140,0.0528,0.055
1/16/2023,1042000,15040,0.0528,0.055
1/17/2023,1032000,15160,0.0528,0.055
1/18/2023,1022000,15085,0.0528,0.055
1/19/2023,1029000,15100,0.0528,0.0575
1/20/2023,1039000,15070,0.0528,0.0575
1/21/2023,1035000,15070,0.0528,0.0575
1/22/2023,1035000,15070,0.0528,0.0575
1/23/2023,1035000,15070,0.0528,0.0575
1/24/2023,1037000,14885,0.0528,0.0575
1/25/2023,1040000,14960,0.0528,0.0575
1/26/2023,1035000,14945,0.0528,0.0575
1/27/2023,1030000,14980,0.0528,0.0575
1/28/2023,1029000,14980,0.0528,0.0575
1/29/2023,1029000,14980,0.0528,0.0575
1/30/2023,1029000,14965,0.0528,0.0575
1/31/2023,1027000,14985,0.0528,0.0575
2/1/2023,1029000,14970,0.0547,0.0575
2/2/2023,1042000,14875,0.0547,0.0575
2/3/2023,1029000,14890,0.0547,0.0575
2/4/2023,1014000,14890,0.0547,0.0575
2/5/2023,1014000,14890,0.0547,0.0575
2/6/2023,1014000,15050,0.0547,0.0575
2/7/2023,1017000,15140,0.0547,0.0575
2/8/2023,1028000,15095,0.0547,0.0575
2/9/2023,1033000,15090,0.0547,0.0575
2/10/2023,1026000,15130,0.0547,0.0575
2/11/2023,1028000,15130,0.0547,0.0575
2/12/2023,1028000,15130,0.0547,0.0575
2/13/2023,1027000,15190,0.0547,0.0575
2/14/2023,1026000,15155,0.0547,0.0575
2/15/2023,1029000,15200,0.0547,0.0575
2/16/2023,1019000,15153,0.0547,0.0575
2/17/2023,1019000,15200,0.0547,0.0575
2/18/2023,1022000,15200,0.0547,0.0575
2/19/2023,1022000,15200,0.0547,0.0575
2/20/2023,1020000,15155,0.0547,0.0575
2/21/2023,1023000,15185,0.0547,0.0575
2/22/2023,1019000,15200,0.0547,0.0575
2/23/2023,1015000,15185,0.0547,0.0575
2/24/2023,1016000,15220,0.0547,0.0575
2/25/2023,1012000,15220,0.0547,0.0575
2/26/2023,1012000,15220,0.0547,0.0575
2/27/2023,1012000,15265,0.0547,0.0575
2/28/2023,1012000,15245,0.0547,0.0575
3/1/2023,1021000,15230,0.0497,0.0575
3/2/2023,1024000,15275,0.0497,0.0575
3/3/2023,1025000,15295,0.0497,0.0575
3/4/2023,1025000,15295,0.0497,0.0575
3/5/2023,1025000,15295,0.0497,0.0575
3/6/2023,1033000,15290,0.0497,0.0575
3/7/2023,1032000,15345,0.0497,0.0575
3/8/2023,1020000,15430,0.0497,0.0575
3/9/2023,1024000,15420,0.0497,0.0575
3/10/2023,1034000,15445,0.0497,0.0575
3/11/2023,1049000,15445,0.0497,0.0575
3/12/2023,1049000,15445,0.0497,0.0575
3/13/2023,1054000,15360,0.0497,0.0575
3/14/2023,1064000,15380,0.0497,0.0575
3/15/2023,1054000,15360,0.0497,0.0575
3/16/2023,1064000,15375,0.0497,0.0575
3/17/2023,1063000,15340,0.0497,0.0575
3/18/2023,1088000,15340,0.0497,0.0575
3/19/2023,1088000,15340,0.0497,0.0575
3/20/2023,1085000,15355,0.0497,0.0575
3/21/2023,1084000,15340,0.0497,0.0575
3/22/2023,1074000,15340,0.0497,0.0575
3/23/2023,1087000,15340,0.0497,0.0575
3/24/2023,1096000,15150,0.0497,0.0575
3/25/2023,1089000,15150,0.0497,0.0575
3/26/2023,1089000,15150,0.0497,0.0575
3/27/2023,1087000,15155,0.0497,0.0575
3/28/2023,1077000,15085,0.0497,0.0575
3/29/2023,1082000,15060,0.0497,0.0575
3/30/2023,1072000,15045,0.0497,0.0575
3/31/2023,1078000,14990,0.0497,0.0575
4/1/2023,1072000,14990,0.0433,0.0575
4/2/2023,1072000,14990,0.0433,0.0575
4/3/2023,1068000,14965,0.0433,0.0575
4/4/2023,1073000,14895,0.0433,0.0575
4/5/2023,1083000,14920,0.0433,0.0575
4/6/2023,1078000,14910,0.0433,0.0575
4/7/2023,1074000,14910,0.0433,0.0575
4/8/2023,1074000,14910,0.0433,0.0575
4/9/2023,1074000,14910,0.0433,0.0575
4/10/2023,1072000,14899,0.0433,0.0575
4/11/2023,1069000,14881,0.0433,0.0575
4/12/2023,1071000,14875,0.0433,0.0575
4/13/2023,1075000,14750,0.0433,0.0575
4/14/2023,1084000,14695,0.0433,0.0575
4/15/2023,1067000,14695,0.0433,0.0575
4/16/2023,1067000,14695,0.0433,0.0575
4/17/2023,1066000,14785,0.0433,0.0575
4/18/2023,1054000,14840,0.0433,0.0575
4/19/2023,1054000,14840,0.0433,0.0575
4/20/2023,1054000,14840,0.0433,0.0575
4/21/2023,1054000,14840,0.0433,0.0575
4/22/2023,1054000,14840,0.0433,0.0575
4/23/2023,1054000,14840,0.0433,0.0575
4/24/2023,1054000,14840,0.0433,0.0575
4/25/2023,1054000,14840,0.0433,0.0575
4/26/2023,1062000,14830,0.0433,0.0575
4/27/2023,1062000,14700,0.0433,0.0575
4/28/2023,1062000,14665,0.0433,0.0575
4/29/2023,1056000,14665,0.0433,0.0575
4/30/2023,1056000,14665,0.0433,0.0575
5/1/2023,1054000,14665,0.04,0.0575
5/2/2023,1053000,14700,0.04,0.0575
5/3/2023,1062000,14680,0.04,0.0575
5/4/2023,1077000,14675,0.04,0.0575
5/5/2023,1074000,14670,0.04,0.0575
5/6/2023,1059000,14670,0.04,0.0575
5/7/2023,1059000,14670,0.04,0.0575
5/8/2023,1059000,14695,0.04,0.0575
5/9/2023,1063000,14725,0.04,0.0575
5/10/2023,1072000,14720,0.04,0.0575
5/11/2023,1072000,14720,0.04,0.0575
5/12/2023,1064000,14745,0.04,0.0575
5/13/2023,1060000,14745,0.04,0.0575
5/14/2023,1060000,14745,0.04,0.0575
5/15/2023,1060000,14795,0.04,0.0575
5/16/2023,1064000,14815,0.04,0.0575
5/17/2023,1057000,14860,0.04,0.0575
5/18/2023,1055000,14923,0.04,0.0575
5/19/2023,1045000,14920,0.04,0.0575
5/20/2023,1056000,14920,0.04,0.0575
5/21/2023,1056000,14920,0.04,0.0575
5/22/2023,1056000,14885,0.04,0.0575
5/23/2023,1056000,14875,0.04,0.0575
5/24/2023,1056000,14895,0.04,0.0575
5/25/2023,1048000,14945,0.04,0.0575
5/26/2023,1043000,14950,0.04,0.0575
5/27/2023,1048000,14950,0.04,0.0575
5/28/2023,1048000,14950,0.04,0.0575
5/29/2023,1047000,14965,0.04,0.0575
5/30/2023,1048000,14980,0.04,0.0575
5/31/2023,1056000,14985,0.04,0.0575
6/1/2023,1060000,14914,0.0352,0.0575
6/2/2023,1065000,14902,0.0352,0.0575
6/3/2023,1057000,14902,0.0352,0.0575
6/4/2023,1057000,14902,0.0352,0.0575
6/5/2023,1057000,14885,0.0352,0.0575
6/6/2023,1065000,14855,0.0352,0.0575
6/7/2023,1060000,14875,0.0352,0.0575
6/8/2023,1052000,14890,0.0352,0.0575
6/9/2023,1062000,14835,0.0352,0.0575
6/10/2023,1062000,14835,0.0352,0.0575
6/11/2023,1062000,14835,0.0352,0.0575
6/12/2023,1062000,14860,0.0352,0.0575
6/13/2023,1059000,14855,0.0352,0.0575
6/14/2023,1053000,14895,0.0352,0.0575
6/15/2023,1052000,14940,0.0352,0.0575
6/16/2023,1061000,14930,0.0352,0.0575
6/17/2023,1063000,14930,0.0352,0.0575
6/18/2023,1063000,14930,0.0352,0.0575
6/19/2023,1063000,14990,0.0352,0.0575
6/20/2023,1061000,14995,0.0352,0.0575
6/21/2023,1057000,14940,0.0352,0.0575
6/22/2023,1058000,14935,0.0352,0.0575
6/23/2023,1048000,14990,0.0352,0.0575
6/24/2023,1047000,14990,0.0352,0.0575
6/25/2023,1047000,14990,0.0352,0.0575
6/26/2023,1050000,15010,0.0352,0.0575
6/27/2023,1053000,14990,0.0352,0.0575
6/28/2023,1052000,14987.9,0.0352,0.0575
6/29/2023,1049000,15071,0.0352,0.0575
6/30/2023,1049000,15040.4,0.0352,0.0575
7/1/2023,1049000,15040.4,0.0308,0.0575
7/2/2023,1049000,15040.4,0.0308,0.0575
7/3/2023,1054000,15020,0.0308,0.0575
7/4/2023,1054000,14990,0.0308,0.0575
7/5/2023,1058000,15010,0.0308,0.0575
7/6/2023,1053000,15040,0.0308,0.0575
7/7/2023,1050000,15130,0.0308,0.0575
7/8/2023,1059000,15130,0.0308,0.0575
7/9/2023,1059000,15130,0.0308,0.0575
7/10/2023,1059000,15190,0.0308,0.0575
7/11/2023,1064000,15135,0.0308,0.0575
7/12/2023,1071000,15075,0.0308,0.0575
7/13/2023,1082000,14965,0.0308,0.0575
7/14/2023,1080000,14955,0.0308,0.0575
7/15/2023,1074000,14955,0.0308,0.0575
7/16/2023,1074000,14955,0.0308,0.0575
7/17/2023,1073000,15000,0.0308,0.0575
7/18/2023,1072000,14990,0.0308,0.0575
7/19/2023,1080000,14999,0.0308,0.0575
7/20/2023,1080000,14985,0.0308,0.0575
7/21/2023,1077000,15020,0.0308,0.0575
7/22/2023,1072000,15020,0.0308,0.0575
7/23/2023,1072000,15020,0.0308,0.0575
7/24/2023,1072000,15020,0.0308,0.0575
7/25/2023,1071000,14990,0.0308,0.0575
7/26/2023,1075000,15015,0.0308,0.0575
7/27/2023,1076000,14995,0.0308,0.0575
7/28/2023,1068000,15090,0.0308,0.0575
7/29/2023,1071000,15090,0.0308,0.0575
7/30/2023,1071000,15090,0.0308,0.0575
7/31/2023,1071000,15075,0.0308,0.0575
8/1/2023,1078000,15110,0.0327,0.0575
8/2/2023,1071000,15170,0.0327,0.0575
8/3/2023,1067000,15180,0.0327,0.0575
8/4/2023,1069000,15165,0.0327,0.0575
8/5/2023,1074000,15165,0.0327,0.0575
8/6/2023,1074000,15165,0.0327,0.0575
8/7/2023,1074000,15180,0.0327,0.0575
8/8/2023,1070000,15215,0.0327,0.0575
8/9/2023,1066000,15190,0.0327,0.0575
8/10/2023,1064000,15180,0.0327,0.0575
8/11/2023,1062000,15210,0.0327,0.0575
8/12/2023,1062000,15210,0.0327,0.0575
8/13/2023,1062000,15210,0.0327,0.0575
8/14/2023,1061000,15310,0.0327,0.0575
8/15/2023,1060000,15335,0.0327,0.0575
8/16/2023,1063000,15280,0.0327,0.0575
8/17/2023,1060000,15361.8,0.0327,0.0575
8/18/2023,1060000,15280,0.0327,0.0575
8/19/2023,1057000,15280,0.0327,0.0575
8/20/2023,1057000,15280,0.0327,0.0575
8/21/2023,1057000,15320,0.0327,0.0575
8/22/2023,1058000,15310,0.0327,0.0575
8/23/2023,1062000,15290,0.0327,0.0575
8/24/2023,1069000,15240,0.0327,0.0575
8/25/2023,1069000,15290,0.0327,0.0575
8/26/2023,1065000,15290,0.0327,0.0575
8/27/2023,1065000,15290,0.0327,0.0575
8/28/2023,1065000,15285,0.0327,0.0575
8/29/2023,1070000,15255,0.0327,0.0575
8/30/2023,1077000,15235,0.0327,0.0575
8/31/2023,1079000,15225,0.0327,0.0575
9/1/2023,1076000,15235,0.0228,0.0575
9/2/2023,1076000,15235,0.0228,0.0575
9/3/2023,1076000,15235,0.0228,0.0575
9/4/2023,1076000,15235,0.0228,0.0575
9/5/2023,1075000,15260,0.0228,0.0575
9/6/2023,1069000,15290,0.0228,0.0575
9/7/2023,1064000,15320,0.0228,0.0575
9/8/2023,1068000,15320,0.0228,0.0575
9/9/2023,1069000,15320,0.0228,0.0575
9/10/2023,1069000,15320,0.0228,0.0575
9/11/2023,1070000,15320,0.0228,0.0575
9/12/2023,1071000,15335,0.0228,0.0575
9/13/2023,1068000,15365,0.0228,0.0575
9/14/2023,1066000,15350,0.0228,0.0575
9/15/2023,1068000,15350,0.0228,0.0575
9/16/2023,1075000,15350,0.0228,0.0575
9/17/2023,1075000,15350,0.0228,0.0575
9/18/2023,1075000,15365,0.0228,0.0575
9/19/2023,1081000,15375,0.0228,0.0575
9/20/2023,1080000,15375,0.0228,0.0575
9/21/2023,1080000,15370,0.0228,0.0575
9/22/2023,1077000,15370,0.0228,0.0575
9/23/2023,1079000,15370,0.0228,0.0575
9/24/2023,1079000,15370,0.0228,0.0575
9/25/2023,1078000,15395,0.0228,0.0575
9/26/2023,1072000,15485,0.0228,0.0575
9/27/2023,1066000,15515,0.0228,0.0575
9/28/2023,1058000,15481,0.0228,0.0575
9/29/2023,1053000,15450,0.0228,0.0575
9/30/2023,1049000,15450,0.0228,0.0575
10/1/2023,1049000,15450,0.0256,0.0575
10/2/2023,1049000,15525,0.0256,0.0575
10/3/2023,1039000,15575,0.0256,0.0575
10/4/2023,1040000,15625,0.0256,0.0575
10/5/2023,1043000,15610,0.0256,0.0575
10/6/2023,1043000,15605,0.0256,0.0575
10/7/2023,1047000,15605,0.0256,0.0575
10/8/2023,1047000,15605,0.0256,0.0575
10/9/2023,1053000,15685,0.0256,0.0575
10/10/2023,1062000,15730,0.0256,0.0575
10/11/2023,1063000,15690,0.0256,0.0575
10/12/2023,1072000,15685,0.0256,0.0575
10/13/2023,1072000,15680,0.0256,0.0575
10/14/2023,1088000,15680,0.0256,0.0575
10/15/2023,1088000,15680,0.0256,0.0575
10/16/2023,1087000,15715,0.0256,0.0575
10/17/2023,1085000,15710,0.0256,0.0575
10/18/2023,1088000,15725,0.0256,0.0575
10/19/2023,1100000,15810,0.0256,0.06
10/20/2023,1112000,15870,0.0256,0.06
10/21/2023,1121000,15870,0.0256,0.06
10/22/2023,1121000,15870,0.0256,0.06
10/23/2023,1117000,15930,0.0256,0.06
10/24/2023,1119000,15845,0.0256,0.06
10/25/2023,1123000,15865,0.0256,0.06
10/26/2023,1125000,15915,0.0256,0.06
10/27/2023,1123000,15935,0.0256,0.06
10/28/2023,1136000,15935,0.0256,0.06
10/29/2023,1136000,15935,0.0256,0.06
10/30/2023,1135000,15885,0.0256,0.06
10/31/2023,1131000,15880,0.0256,0.06
11/1/2023,1123000,15930,0.0286,0.06
11/2/2023,1123000,15850,0.0286,0.06
11/3/2023,1126000,15725,0.0286,0.06
11/4/2023,1125000,15725,0.0286,0.06
11/5/2023,1125000,15725,0.0286,0.06
11/6/2023,1123000,15535,0.0286,0.06
11/7/2023,1111000,15625,0.0286,0.06
11/8/2023,1094000,15645,0.0286,0.06
11/9/2023,1087000,15650,0.0286,0.06
11/10/2023,1092000,15690,0.0286,0.06
11/11/2023,1084000,15690,0.0286,0.06
11/12/2023,1084000,15690,0.0286,0.06
11/13/2023,1084000,15695,0.0286,0.06
11/14/2023,1089000,15690,0.0286,0.06
11/15/2023,1097000,15530,0.0286,0.06
11/16/2023,1096000,15540,0.0286,0.06
11/17/2023,1095000,15490,0.0286,0.06
11/18/2023,1100000,15490,0.0286,0.06
11/19/2023,1100000,15490,0.0286,0.06
11/20/2023,1097000,15440,0.0286,0.06
11/21/2023,1095000,15435,0.0286,0.06
11/22/2023,1097000,15570,0.0286,0.06
11/23/2023,1095000,15550,0.0286,0.06
11/24/2023,1105000,15560,0.0286,0.06
11/25/2023,1110000,15560,0.0286,0.06
11/26/2023,1110000,15560,0.0286,0.06
11/27/2023,1110000,15490,0.0286,0.06
11/28/2023,1115000,15430,0.0286,0.06
11/29/2023,1124000,15390,0.0286,0.06
11/30/2023,1120000,15505,0.0286,0.06
12/1/2023,1115000,15480,0.0261,0.06
12/2/2023,1130000,15480,0.0261,0.06
12/3/2023,1130000,15480,0.0261,0.06
12/4/2023,1145000,15450,0.0261,0.06
12/5/2023,1122000,15500,0.0261,0.06
12/6/2023,1110000,15490,0.0261,0.06
12/7/2023,1116000,15510,0.0261,0.06
12/8/2023,1116000,15505,0.0261,0.06
12/9/2023,1107000,15505,0.0261,0.06
12/10/2023,1107000,15505,0.0261,0.06
12/11/2023,1107000,15610,0.0261,0.06
12/12/2023,1093000,15615,0.0261,0.06
12/13/2023,1100000,15655,0.0261,0.06
12/14/2023,1125000,15495,0.0261,0.06
12/15/2023,1126000,15490,0.0261,0.06
12/16/2023,1114000,15490,0.0261,0.06
12/17/2023,1114000,15490,0.0261,0.06
12/18/2023,1114000,15505,0.0261,0.06
12/19/2023,1118000,15500,0.0261,0.06
12/20/2023,1125000,15505,0.0261,0.06
12/21/2023,1121000,15520,0.0261,0.06
12/22/2023,1128000,15480,0.0261,0.06
12/23/2023,1132000,15480,0.0261,0.06
12/24/2023,1132000,15480,0.0261,0.06
12/25/2023,1132000,15467,0.0261,0.06
12/26/2023,1132000,15407,0.0261,0.06
12/27/2023,1137000,15425,0.0261,0.06
12/28/2023,1141000,15415,0.0261,0.06
12/29/2023,1130000,15395,0.0261,0.06
12/30/2023,1130000,15395,0.0261,0.06
12/31/2023,1130000,15395,0.0261,0.06
1/1/2024,1130000,15390,0.0257,0.06
1/2/2024,1129000,15465,0.0257,0.06
1/3/2024,1129000,15475,0.0257,0.06
1/4/2024,1123000,15485,0.0257,0.06
1/5/2024,1125000,15510,0.0257,0.06
1/6/2024,1128000,15510,0.0257,0.06
1/7/2024,1128000,15510,0.0257,0.06
1/8/2024,1128000,15520,0.0257,0.06
1/9/2024,1121000,15515,0.0257,0.06
1/10/2024,1121000,15565,0.0257,0.06
1/11/2024,1119000,15545,0.0257,0.06
1/12/2024,1124000,15545,0.0257,0.06
1/13/2024,1131000,15545,0.0257,0.06
1/14/2024,1131000,15545,0.0257,0.06
1/15/2024,1130000,15550,0.0257,0.06
1/16/2024,1134000,15585,0.0257,0.06
1/17/2024,1121000,15635,0.0257,0.06
1/18/2024,1115000,15615,0.0257,0.06
1/19/2024,1125000,15610,0.0257,0.06
1/20/2024,1128000,15610,0.0257,0.06
1/21/2024,1128000,15610,0.0257,0.06
1/22/2024,1127000,15630,0.0257,0.06
1/23/2024,1125000,15625,0.0257,0.06
1/24/2024,1128000,15705,0.0257,0.06
1/25/2024,1124000,15820,0.0257,0.06
1/26/2024,1130000,15815,0.0257,0.06
1/27/2024,1132000,15815,0.0257,0.06
1/28/2024,1132000,15815,0.0257,0.06
1/29/2024,1133000,15805,0.0257,0.06
1/30/2024,1142000,15777,0.0257,0.06
1/31/2024,1144000,15775,0.0257,0.06
2/1/2024,1143000,15760,0.0275,0.06
2/2/2024,1151000,15655,0.0275,0.06
2/3/2024,1142000,15655,0.0275,0.06
2/4/2024,1142000,15655,0.0275,0.06
2/5/2024,1140000,15700,0.0275,0.06
2/6/2024,1130000,15725,0.0275,0.06
2/7/2024,1136000,15630,0.0275,0.06
2/8/2024,1139000,15665,0.0275,0.06
2/9/2024,1138000,15611.5,0.0275,0.06
2/10/2024,1135000,15611.5,0.0275,0.06
2/11/2024,1135000,15611.5,0.0275,0.06
2/12/2024,1135000,15590,0.0275,0.06
2/13/2024,1129000,15590,0.0275,0.06
2/14/2024,1114000,15632,0.0275,0.06
2/15/2024,1115000,15615,0.0275,0.06
2/16/2024,1118000,15615,0.0275,0.06
2/17/2024,1124000,15615,0.0275,0.06
2/18/2024,1124000,15615,0.0275,0.06
2/19/2024,1125000,15625,0.0275,0.06
2/20/2024,1128000,15655,0.0275,0.06
2/21/2024,1131000,15630,0.0275,0.06
2/22/2024,1133000,15585,0.0275,0.06
2/23/2024,1133000,15590,0.0275,0.06
2/24/2024,1136000,15590,0.0275,0.06
2/25/2024,1136000,15590,0.0275,0.06
2/26/2024,1135000,15625,0.0275,0.06
2/27/2024,1132000,15635,0.0275,0.06
2/28/2024,1134000,15680,0.0275,0.06
2/29/2024,1138000,15710,0.0275,0.06
3/1/2024,1142000,15695,0.0305,0.06
3/2/2024,1164000,15695,0.0305,0.06
3/3/2024,1164000,15695,0.0305,0.06
3/4/2024,1164000,15735,0.0305,0.06
3/5/2024,1179000,15765,0.0305,0.06
3/6/2024,1186000,15695,0.0305,0.06
3/7/2024,1199000,15650,0.0305,0.06
3/8/2024,1204000,15585,0.0305,0.06
3/9/2024,1208000,15585,0.0305,0.06
3/10/2024,1208000,15585,0.0305,0.06
3/11/2024,1208000,15525,0.0305,0.06
3/12/2024,1210000,15561,0.0305,0.06
3/13/2024,1200000,15570,0.0305,0.06
3/14/2024,1203000,15575,0.0305,0.06
3/15/2024,1194000,15590,0.0305,0.06
3/16/2024,1193000,15590,0.0305,0.06
3/17/2024,1193000,15590,0.0305,0.06
3/18/2024,1193000,15685,0.0305,0.06
3/19/2024,1199000,15710,0.0305,0.06
3/20/2024,1199000,15710,0.0305,0.06
3/21/2024,1219000,15655,0.0305,0.06
3/22/2024,1211000,15775,0.0305,0.06
3/23/2024,1203000,15775,0.0305,0.06
3/24/2024,1203000,15775,0.0305,0.06
3/25/2024,1203000,15795,0.0305,0.06
3/26/2024,1213000,15785,0.0305,0.06
3/27/2024,1217000,15850,0.0305,0.06
3/28/2024,1222000,15850,0.0305,0.06
3/29/2024,1249000,15880,0.0305,0.06
3/30/2024,1249000,15880,0.0305,0.06
3/31/2024,1249000,15880,0.0305,0.06
4/1/2024,1254000,15885,0.03,0.06
4/2/2024,1256000,15895,0.03,0.06
4/3/2024,1274000,15915,0.03,0.06
4/4/2024,1283000,15890,0.03,0.06
4/5/2024,1279000,15840,0.03,0.06
4/6/2024,1299000,15840,0.03,0.06
4/7/2024,1299000,15840,0.03,0.06
4/8/2024,1289000,15925,0.03,0.06
4/9/2024,1306000,15899,0.03,0.06
4/10/2024,1306000,15998,0.03,0.06
4/11/2024,1306000,16031,0.03,0.06
4/12/2024,1324000,16117,0.03,0.06
4/13/2024,1310000,16117,0.03,0.06
4/14/2024,1310000,16117,0.03,0.06
4/15/2024,1315000,16116.7,0.03,0.06
4/16/2024,1321000,16170,0.03,0.06
4/17/2024,1321000,16215,0.03,0.06
4/18/2024,1335000,16170,0.03,0.06
4/19/2024,1345000,16250,0.03,0.06
4/20/2024,1347000,16250,0.03,0.06
4/21/2024,1347000,16250,0.03,0.06
4/22/2024,1343000,16230,0.03,0.06
4/23/2024,1325000,16215,0.03,0.06
4/24/2024,1320000,16150,0.03,0.0625
4/25/2024,1319000,16185,0.03,0.0625
4/26/2024,1319000,16205,0.03,0.0625
4/27/2024,1326000,16205,0.03,0.0625
4/28/2024,1326000,16205,0.03,0.0625
4/29/2024,1325000,16250,0.03,0.0625
4/30/2024,1325000,16255,0.03,0.0625
5/1/2024,1310000,16193.6,0.0284,0.0625
5/2/2024,1327000,16180,0.0284,0.0625
5/3/2024,1318000,16080,0.0284,0.0625
5/4/2024,1313000,16080,0.0284,0.0625
5/5/2024,1313000,16080,0.0284,0.0625
5/6/2024,1310000,16020,0.0284,0.0625
5/7/2024,1318000,16040,0.0284,0.0625
5/8/2024,1308000,16040,0.0284,0.0625
5/9/2024,1306000,16026,0.0284,0.0625
5/10/2024,1326000,16058.9,0.0284,0.0625
5/11/2024,1333000,16058.9,0.0284,0.0625
5/12/2024,1333000,16058.9,0.0284,0.0625
5/13/2024,1333000,16075,0.0284,0.0625
5/14/2024,1324000,16090,0.0284,0.0625
5/15/2024,1332000,16025,0.0284,0.0625
5/16/2024,1354000,15920,0.0284,0.0625
5/17/2024,1343000,15950,0.0284,0.0625
5/18/2024,1350000,15950,0.0284,0.0625
5/19/2024,1350000,15950,0.0284,0.0625
5/20/2024,1350000,15970,0.0284,0.0625
5/21/2024,1358000,15990,0.0284,0.0625
5/22/2024,1357000,15990,0.0284,0.0625
5/23/2024,1345000,16102.3,0.0284,0.0625
5/24/2024,1325000,16045,0.0284,0.0625
5/25/2024,1325000,16045,0.0284,0.0625
5/26/2024,1325000,16045,0.0284,0.0625
5/27/2024,1327000,16060,0.0284,0.0625
5/28/2024,1333000,16085,0.0284,0.0625
5/29/2024,1338000,16155,0.0284,0.0625
5/30/2024,1329000,16255,0.0284,0.0625
5/31/2024,1337000,16245,0.0284,0.0625
6/1/2024,1336000,16245,0.0251,0.0625
6/2/2024,1336000,16245,0.0251,0.0625
6/3/2024,1335000,16225,0.0251,0.0625
6/4/2024,1349000,16215,0.0251,0.0625
6/5/2024,1336000,16280,0.0251,0.0625
6/6/2024,1349000,16255,0.0251,0.0625
6/7/2024,1366000,16190,0.0251,0.0625
6/8/2024,1328000,16190,0.0251,0.0625
6/9/2024,1328000,16190,0.0251,0.0625
6/10/2024,1329000,16275,0.0251,0.0625
6/11/2024,1330000,16285,0.0251,0.0625
6/12/2024,1338000,16290,0.0251,0.0625
6/13/2024,1341000,16265,0.0251,0.0625
6/14/2024,1333000,16395,0.0251,0.0625
6/15/2024,1347000,16395,0.0251,0.0625
6/16/2024,1347000,16395,0.0251,0.0625
6/17/2024,1344000,16486,0.0251,0.0625
6/18/2024,1342000,16376.1,0.0251,0.0625
6/19/2024,1349000,16360,0.0251,0.0625
6/20/2024,1355000,16425,0.0251,0.0625
6/21/2024,1371000,16445,0.0251,0.0625
6/22/2024,1357000,16445,0.0251,0.0625
6/23/2024,1357000,16445,0.0251,0.0625
6/24/2024,1360000,16390,0.0251,0.0625
6/25/2024,1368000,16370,0.0251,0.0625
6/26/2024,1361000,16400,0.0251,0.0625
6/27/2024,1350000,16395,0.0251,0.0625
6/28/2024,1360000,16370,0.0251,0.0625
6/29/2024,1365000,16370,0.0251,0.0625
6/30/2024,1365000,16370,0.0251,0.0625
7/1/2024,1363000,16320,0.0213,0.0625
7/2/2024,1368000,16390,0.0213,0.0625
7/3/2024,1365000,16365,0.0213,0.0625
7/4/2024,1378000,16325,0.0213,0.0625
7/5/2024,1383000,16275,0.0213,0.0625
7/6/2024,1395000,16275,0.0213,0.0625
7/7/2024,1395000,16275,0.0213,0.0625
7/8/2024,1396000,16250,0.0213,0.0625
7/9/2024,1389000,16245,0.0213,0.0625
7/10/2024,1380000,16235,0.0213,0.0625
7/11/2024,1386000,16190,0.0213,0.0625
7/12/2024,1399000,16135,0.0213,0.0625
7/13/2024,1400000,16135,0.0213,0.0625
7/14/2024,1400000,16135,0.0213,0.0625
7/15/2024,1399000,16165,0.0213,0.0625
7/16/2024,1403000,16175,0.0213,0.0625
7/17/2024,1420000,16095,0.0213,0.0625
7/18/2024,1427000,16150,0.0213,0.0625
7/19/2024,1419000,16185,0.0213,0.0625
7/20/2024,1404000,16185,0.0213,0.0625
7/21/2024,1404000,16185,0.0213,0.0625
7/22/2024,1404000,16215,0.0213,0.0625
7/23/2024,1404000,16205,0.0213,0.0625
7/24/2024,1406000,16210,0.0213,0.0625
7/25/2024,1400000,16245,0.0213,0.0625
7/26/2024,1386000,16285,0.0213,0.0625
7/27/2024,1396000,16285,0.0213,0.0625
7/28/2024,1396000,16285,0.0213,0.0625
7/29/2024,1402000,16275,0.0213,0.0625
7/30/2024,1400000,16295,0.0213,0.0625
7/31/2024,1412000,16255,0.0213,0.0625
8/1/2024,1433000,16230,0.0212,0.0625
8/2/2024,1431000,16195,0.0212,0.0625
8/3/2024,1428000,16195,0.0212,0.0625
8/4/2024,1428000,16195,0.0212,0.0625
8/5/2024,1420000,16180,0.0212,0.0625
8/6/2024,1413000,16160,0.0212,0.0625
8/7/2024,1399000,16030,0.0212,0.0625
8/8/2024,1399000,15890,0.0212,0.0625
8/9/2024,1409000,15920,0.0212,0.0625
8/10/2024,1401000,15920,0.0212,0.0625
8/11/2024,1401000,15920,0.0212,0.0625
8/12/2024,1401000,15950,0.0212,0.0625
8/13/2024,1419000,15830,0.0212,0.0625
8/14/2024,1419000,15675,0.0212,0.0625
8/15/2024,1414000,15690,0.0212,0.0625
8/16/2024,1404000,15685,0.0212,0.0625
8/17/2024,1418000,15685,0.0212,0.0625
8/18/2024,1418000,15685,0.0212,0.0625
8/19/2024,1418000,15545,0.0212,0.0625
8/20/2024,1419000,15430,0.0212,0.0625
8/21/2024,1415000,15480,0.0212,0.0625
8/22/2024,1410000,15595,0.0212,0.0625
8/23/2024,1398000,15485,0.0212,0.0625
8/24/2024,1420000,15485,0.0212,0.0625
8/25/2024,1420000,15485,0.0212,0.0625
8/26/2024,1420000,15425,0.0212,0.0625
8/27/2024,1420000,15490,0.0212,0.0625
8/28/2024,1410000,15420,0.0212,0.0625
8/29/2024,1412000,15410,0.0212,0.0625
8/30/2024,1413000,15450,0.0212,0.0625
8/31/2024,1401000,15450,0.0212,0.0625
9/1/2024,1401000,15450,0.0184,0.0625
9/2/2024,1401000,15520,0.0184,0.0625
9/3/2024,1404000,15520,0.0184,0.0625
9/4/2024,1406000,15470,0.0184,0.0625
9/5/2024,1409000,15395,0.0184,0.0625
9/6/2024,1414000,15360,0.0184,0.0625
9/7/2024,1405000,15360,0.0184,0.0625
9/8/2024,1405000,15360,0.0184,0.0625
9/9/2024,1398000,15450,0.0184,0.0625
9/10/2024,1399000,15445,0.0184,0.0625
9/11/2024,1411000,15395,0.0184,0.0625
9/12/2024,1409000,15425,0.0184,0.0625
9/13/2024,1429000,15395,0.0184,0.0625
9/14/2024,1439000,15395,0.0184,0.0625
9/15/2024,1439000,15395,0.0184,0.0625
9/16/2024,1443000,15393.1,0.0184,0.0625
9/17/2024,1444000,15330,0.0184,0.0625
9/18/2024,1440000,15330,0.0184,0.06
9/19/2024,1430000,15230,0.0184,0.06
9/20/2024,1443000,15145,0.0184,0.06
9/21/2024,1455000,15145,0.0184,0.06
9/22/2024,1455000,15145,0.0184,0.06
9/23/2024,1455000,15195,0.0184,0.06
9/24/2024,1443000,15180,0.0184,0.06
9/25/2024,1463000,15095,0.0184,0.06
9/26/2024,1461000,15160,0.0184,0.06
9/27/2024,1461000,15120,0.0184,0.06
9/28/2024,1461000,15120,0.0184,0.06
9/29/2024,1461000,15120,0.0184,0.06
9/30/2024,1464000,15135,0.0184,0.06
10/1/2024,1452000,15195,0.0171,0.06
10/2/2024,1464000,15260,0.0171,0.06
10/3/2024,1469000,15415,0.0171,0.06
10/4/2024,1471000,15480,0.0171,0.06
10/5/2024,1482000,15480,0.0171,0.06
10/6/2024,1482000,15480,0.0171,0.06
10/7/2024,1478000,15675,0.0171,0.06
10/8/2024,1481000,15640,0.0171,0.06
10/9/2024,1483000,15615,0.0171,0.06
10/10/2024,1473000,15660,0.0171,0.06
10/11/2024,1481000,15575,0.0171,0.06
10/12/2024,1495000,15575,0.0171,0.06
10/13/2024,1495000,15575,0.0171,0.06
10/14/2024,1490000,15555,0.0171,0.06
10/15/2024,1488000,15575,0.0171,0.06
10/16/2024,1491000,15505,0.0171,0.06
10/17/2024,1496000,15490,0.0171,0.06
10/18/2024,1503000,15460,0.0171,0.06
10/19/2024,1514000,15460,0.0171,0.06
10/20/2024,1514000,15460,0.0171,0.06
10/21/2024,1514000,15490,0.0171,0.06
10/22/2024,1510000,15555,0.0171,0.06
10/23/2024,1521000,15615,0.0171,0.06
10/24/2024,1515000,15575,0.0171,0.06
10/25/2024,1529000,15635,0.0171,0.06
10/26/2024,1534000,15635,0.0171,0.06
10/27/2024,1534000,15635,0.0171,0.06
10/28/2024,1527000,15720,0.0171,0.06
10/29/2024,1535000,15755,0.0171,0.06
10/30/2024,1560000,15690,0.0171,0.06
10/31/2024,1567000,15690,0.0171,0.06
11/1/2024,1547000,15715,0.0155,0.06
11/2/2024,1539000,15715,0.0155,0.06
11/3/2024,1539000,15715,0.0155,0.06
11/4/2024,1539000,15750,0.0155,0.06
11/5/2024,1539000,15730,0.0155,0.06
11/6/2024,1543000,15825,0.0155,0.06
11/7/2024,1513000,15730,0.0155,0.06
11/8/2024,1527000,15665,0.0155,0.06
11/9/2024,1517000,15665,0.0155,0.06
11/10/2024,1517000,15665,0.0155,0.06
11/11/2024,1517000,15675,0.0155,0.06
11/12/2024,1482000,15775,0.0155,0.06
11/13/2024,1477000,15770,0.0155,0.06
11/14/2024,1466000,15850,0.0155,0.06
11/15/2024,1470000,15850,0.0155,0.06
11/16/2024,1468000,15850,0.0155,0.06
11/17/2024,1468000,15850,0.0155,0.06
11/18/2024,1476000,15845,0.0155,0.06
11/19/2024,1491000,15825,0.0155,0.06
11/20/2024,1498000,15860,0.0155,0.06
11/21/2024,1508000,15920,0.0155,0.06
11/22/2024,1520000,15870,0.0155,0.06
11/23/2024,1541000,15870,0.0155,0.06
11/24/2024,1541000,15870,0.0155,0.06
11/25/2024,1539000,15865,0.0155,0.06
11/26/2024,1499000,15925,0.0155,0.06
11/27/2024,1504000,15925,0.0155,0.06
11/28/2024,1513000,15865,0.0155,0.06
11/29/2024,1508000,15840,0.0155,0.06
11/30/2024,1514000,15840,0.0155,0.06
12/1/2024,1514000,15840,0.0157,0.06
12/2/2024,1509000,15895,0.0157,0.06
12/3/2024,1514000,15935,0.0157,0.06
12/4/2024,1513000,15925,0.0157,0.06
12/5/2024,1522000,15855,0.0157,0.06
12/6/2024,1514000,15845,0.0157,0.06
12/7/2024,1508000,15845,0.0157,0.06
12/8/2024,1508000,15845,0.0157,0.06
12/9/2024,1503000,15860,0.0157,0.06
12/10/2024,1517000,15860,0.0157,0.06
12/11/2024,1534000,15910,0.0157,0.06
12/12/2024,1548000,15920,0.0157,0.06
12/13/2024,1531000,15990,0.0157,0.06
12/14/2024,1517000,15990,0.0157,0.06
12/15/2024,1517000,15990,0.0157,0.06
12/16/2024,1517000,15995,0.0157,0.06
12/17/2024,1520000,16060,0.0157,0.06
12/18/2024,1520000,16085,0.0157,0.06
12/19/2024,1505000,16285,0.0157,0.06
12/20/2024,1515000,16190,0.0157,0.06
12/21/2024,1533000,16190,0.0157,0.06
12/22/2024,1533000,16190,0.0157,0.06
12/23/2024,1533000,16170,0.0157,0.06
12/24/2024,1520000,16185,0.0157,0.06
12/25/2024,1520000,16185,0.0157,0.06
12/26/2024,1520000,16185,0.0157,0.06
12/27/2024,1528000,16230,0.0157,0.06
12/28/2024,1526000,16230,0.0157,0.06
12/29/2024,1526000,16230,0.0157,0.06
12/30/2024,1528000,16130,0.0157,0.06
12/31/2024,1515000,16090,0.0157,0.06
1/1/2025,1515000,16090,0.0076,0.06
1/2/2025,1524000,16190,0.0076,0.06
1/3/2025,1543000,16185,0.0076,0.06
1/4/2025,1539000,16185,0.0076,0.06
1/5/2025,1539000,16185,0.0076,0.06
1/6/2025,1539000,16190,0.0076,0.06
1/7/2025,1535000,16125,0.0076,0.06
1/8/2025,1541000,16190,0.0076,0.06
1/9/2025,1546000,16195,0.0076,0.06
1/10/2025,1555000,16180,0.0076,0.06
1/11/2025,1568000,16180,0.0076,0.06
1/12/2025,1568000,16180,0.0076,0.06
1/13/2025,1568000,16270,0.0076,0.06
1/14/2025,1560000,16260,0.0076,0.06
1/15/2025,1564000,16315,0.0076,0.0575
1/16/2025,1577000,16355,0.0076,0.0575
1/17/2025,1594000,16360,0.0076,0.0575
1/18/2025,1587000,16360,0.0076,0.0575
1/19/2025,1587000,16360,0.0076,0.0575
1/20/2025,1585000,16355,0.0076,0.0575
1/21/2025,1591000,16330,0.0076,0.0575
1/22/2025,1606000,16280,0.0076,0.0575
1/23/2025,1607000,16275,0.0076,0.0575
1/24/2025,1608000,16170,0.0076,0.0575
1/25/2025,1611000,16170,0.0076,0.0575
1/26/2025,1611000,16170,0.0076,0.0575
1/27/2025,1609000,16170,0.0076,0.0575
1/28/2025,1597000,16170,0.0076,0.0575
1/29/2025,1607000,16170,0.0076,0.0575
1/30/2025,1606000,16255,0.0076,0.0575
1/31/2025,1620000,16295,0.0076,0.0575
2/1/2025,1624000,16295,-0.0009,0.0575
2/2/2025,1624000,16295,-0.0009,0.0575
2/3/2025,1621000,16430,-0.0009,0.0575
2/4/2025,1650000,16340,-0.0009,0.0575
2/5/2025,1663000,16280,-0.0009,0.0575
2/6/2025,1670000,16325,-0.0009,0.0575
2/7/2025,1660000,16270,-0.0009,0.0575
2/8/2025,1662000,16270,-0.0009,0.0575
2/9/2025,1662000,16270,-0.0009,0.0575
2/10/2025,1667000,16340,-0.0009,0.0575
2/11/2025,1692000,16370,-0.0009,0.0575
2/12/2025,1684000,16360,-0.0009,0.0575
2/13/2025,1692000,16350,-0.0009,0.0575
2/14/2025,1701000,16255,-0.0009,0.0575
2/15/2025,1678000,16255,-0.0009,0.0575
2/16/2025,1678000,16255,-0.0009,0.0575
2/17/2025,1671000,16210,-0.0009,0.0575
2/18/2025,1679000,16270,-0.0009,0.0575
2/19/2025,1691000,16330,-0.0009,0.0575
2/20/2025,1708000,16325,-0.0009,0.0575
2/21/2025,1707000,16300,-0.0009,0.0575
2/22/2025,1704000,16300,-0.0009,0.0575
2/23/2025,1704000,16300,-0.0009,0.0575
2/24/2025,1705000,16270,-0.0009,0.0575
2/25/2025,1707000,16340,-0.0009,0.0575
2/26/2025,1694000,16365,-0.0009,0.0575
2/27/2025,1692000,16445,-0.0009,0.0575
2/28/2025,1678000,16575,-0.0009,0.0575
3/1/2025,1672000,16575,0.0103,0.0575
3/2/2025,1672000,16575,0.0103,0.0575
3/3/2025,1679000,16475,0.0103,0.0575
3/4/2025,1704000,16440,0.0103,0.0575
3/5/2025,1709000,16310,0.0103,0.0575
3/6/2025,1706000,16325,0.0103,0.0575
3/7/2025,1690000,16290,0.0103,0.0575
3/8/2025,1690000,16290,0.0103,0.0575
3/9/2025,1690000,16290,0.0103,0.0575
3/10/2025,1693000,16335,0.0103,0.0575
3/11/2025,1679000,16400,0.0103,0.0575
3/12/2025,1702000,16440,0.0103,0.0575
3/13/2025,1714000,16420,0.0103,0.0575
3/14/2025,1742000,16345,0.0103,0.0575
3/15/2025,1739000,16345,0.0103,0.0575
3/16/2025,1739000,16345,0.0103,0.0575
3/17/2025,1741000,16395,0.0103,0.0575
3/18/2025,1745000,16420,0.0103,0.0575
3/19/2025,1759000,16520,0.0103,0.0575
3/20/2025,1774000,16470,0.0103,0.0575
3/21/2025,1779000,16495,0.0103,0.0575
3/22/2025,1764000,16495,0.0103,0.0575
3/23/2025,1764000,16495,0.0103,0.0575
3/24/2025,1765000,16550,0.0103,0.0575
3/25/2025,1759000,16590,0.0103,0.0575
3/26/2025,1769000,16575,0.0103,0.0575
3/27/2025,1776000,16555,0.0103,0.0575
3/28/2025,1792000,16555,0.0103,0.0575
3/29/2025,1806000,16555,0.0103,0.0575
3/30/2025,1806000,16555,0.0103,0.0575
3/31/2025,1806000,16555,0.0103,0.0575
4/1/2025,1826000,16555,0.0195,0.0575
4/2/2025,1819000,16555,0.0195,0.0575
4/3/2025,1836000,16555,0.0195,0.0575
4/4/2025,1819000,16555,0.0195,0.0575
4/5/2025,1781000,16555,0.0195,0.0575
4/6/2025,1781000,16555,0.0195,0.0575
4/7/2025,1758000,16555,0.0195,0.0575
4/8/2025,1754000,16860,0.0195,0.0575
4/9/2025,1777000,16860,0.0195,0.0575
4/10/2025,1846000,16795,0.0195,0.0575
4/11/2025,1889000,16790,0.0195,0.0575
4/12/2025,1904000,16790,0.0195,0.0575
4/13/2025,1904000,16790,0.0195,0.0575
4/14/2025,1896000,16770,0.0195,0.0575
4/15/2025,1896000,16810,0.0195,0.0575
4/16/2025,1916000,16820,0.0195,0.0575
4/17/2025,1975000,16820,0.0195,0.0575
4/18/2025,1965000,16820,0.0195,0.0575
4/19/2025,1965000,16820,0.0195,0.0575
4/20/2025,1965000,16820,0.0195,0.0575
4/21/2025,1980000,16800,0.0195,0.0575
4/22/2025,2016000,16855,0.0195,0.0575
4/23/2025,1991000,16865,0.0195,0.0575
4/24/2025,1969000,16870,0.0195,0.0575
4/25/2025,1986000,16830,0.0195,0.0575
4/26/2025,1965000,16830,0.0195,0.0575
4/27/2025,1965000,16830,0.0195,0.0575
4/28/2025,1960000,16855,0.0195,0.0575
4/29/2025,1966000,16760,0.0195,0.0575
4/30/2025,1965000,16600,0.0195,0.0575
5/1/2025,1932000,16600,0.016,0.0575
5/2/2025,1912000,16435,0.016,0.0575
5/3/2025,1902000,16435,0.016,0.0575
5/4/2025,1902000,16435,0.016,0.0575
5/5/2025,1905000,16435,0.016,0.0575
5/6/2025,1931000,16450,0.016,0.0575
5/7/2025,1956000,16535,0.016,0.0575
5/8/2025,1953000,16494,0.016,0.0575
5/9/2025,1926000,16515,0.016,0.0575
5/10/2025,1928000,16515,0.016,0.0575
5/11/2025,1928000,16515,0.016,0.0575
5/12/2025,1905000,16515,0.016,0.0575
5/13/2025,1884000,16515,0.016,0.0575
5/14/2025,1886000,16550,0.016,0.0575
5/15/2025,1866000,16515,0.016,0.0575
5/16/2025,1891000,16440,0.016,0.0575
5/17/2025,1871000,16440,0.016,0.0575
5/18/2025,1871000,16440,0.016,0.0575
5/19/2025,1894000,16430,0.016,0.0575
5/20/2025,1871000,16415,0.016,0.0575
5/21/2025,1894000,16395,0.016,0.055
5/22/2025,1923000,16330,0.016,0.055
5/23/2025,1910000,16217.5,0.016,0.055
5/24/2025,1930000,16217.5,0.016,0.055
5/25/2025,1930000,16217.5,0.016,0.055
5/26/2025,1919000,16240,0.016,0.055
5/27/2025,1923000,16272.5,0.016,0.055
5/28/2025,1895000,16290,0.016,0.055
5/29/2025,1874000,16290,0.016,0.055
5/30/2025,1900000,16290,0.016,0.055
5/31/2025,1888000,16290,0.016,0.055
6/1/2025,1888000,16290,0.0187,0.055
6/2/2025,1905000,16245,0.0187,0.055
6/3/2025,1940000,16285,0.0187,0.055
6/4/2025,1924000,16290,0.0187,0.055
6/5/2025,1938000,16275,0.0187,0.055
6/6/2025,1929000,16275,0.0187,0.055
6/7/2025,1904000,16275,0.0187,0.055
6/8/2025,1904000,16275,0.0187,0.055
6/9/2025,1904000,16275,0.0187,0.055
6/10/2025,1909000,16270,0.0187,0.055
6/11/2025,1910000,16255,0.0187,0.055
6/12/2025,1928000,16235,0.0187,0.055
6/13/2025,1951000,16295,0.0187,0.055
6/14/2025,1960000,16295,0.0187,0.055
6/15/2025,1960000,16295,0.0187,0.055
6/16/2025,1968000,16265,0.0187,0.055
6/17/2025,1950000,16280,0.0187,0.055
6/18/2025,1943000,16300,0.0187,0.055
6/19/2025,1937000,16395,0.0187,0.055
6/20/2025,1936000,16385,0.0187,0.055
6/21/2025,1942000,16385,0.0187,0.055
6/22/2025,1942000,16385,0.0187,0.055
6/23/2025,1942000,16485,0.0187,0.055
6/24/2025,1932000,16350,0.0187,0.055
6/25/2025,1932000,16290,0.0187,0.055
6/26/2025,1924000,16204,0.0187,0.055
6/27/2025,1907000,16204,0.0187,0.055
6/28/2025,1884000,16204,0.0187,0.055
6/29/2025,1884000,16204,0.0187,0.055
6/30/2025,1880000,16235,0.0187,0.055
7/1/2025,1896000,16190,0.0237,0.055
7/2/2025,1896000,16240,0.0237,0.055
7/3/2025,1911000,16190,0.0237,0.055
7/4/2025,1907000,16185,0.0237,0.055
7/5/2025,1908000,16185,0.0237,0.055
7/6/2025,1908000,16185,0.0237,0.055
7/7/2025,1901000,16230,0.0237,0.055
7/8/2025,1906000,16205,0.0237,0.055
7/9/2025,1894000,16242.5,0.0237,0.055
7/10/2025,1902000,16220,0.0237,0.055
7/11/2025,1902000,16210,0.0237,0.055
7/12/2025,1919000,16210,0.0237,0.055
7/13/2025,1919000,16210,0.0237,0.055
7/14/2025,1924000,16245,0.0237,0.055
7/15/2025,1914000,16260,0.0237,0.055
7/16/2025,1908000,16270,0.0237,0.0525
7/17/2025,1919000,16330,0.0237,0.0525
7/18/2025,1917000,16290,0.0237,0.0525
7/19/2025,1927000,16290,0.0237,0.0525
7/20/2025,1927000,16290,0.0237,0.0525
7/21/2025,1927000,16310,0.0237,0.0525
7/22/2025,1946000,16310,0.0237,0.0525
7/23/2025,1970000,16290,0.0237,0.0525
7/24/2025,1945000,16285,0.0237,0.0525
7/25/2025,1934000,16315,0.0237,0.0525
7/26/2025,1915000,16315,0.0237,0.0525
7/27/2025,1915000,16315,0.0237,0.0525
7/28/2025,1914000,16340,0.0237,0.0525
7/29/2025,1906000,16394.5,0.0237,0.0525
7/30/2025,1918000,16390,0.0237,0.0525
7/31/2025,1901000,16455,0.0237,0.0525
8/1/2025,1901000,16490,0.0231,0.0525
8/2/2025,1948000,16490,0.0231,0.0525
8/3/2025,1948000,16490,0.0231,0.0525
8/4/2025,1946000,16390,0.0231,0.0525
8/5/2025,1959000,16380,0.0231,0.0525
8/6/2025,1950000,16360,0.0231,0.0525
8/7/2025,1943000,16290,0.0231,0.0525
8/8/2025,1959000,16290,0.0231,0.0525
8/9/2025,1951000,16290,0.0231,0.0525
8/10/2025,1951000,16290,0.0231,0.0525
8/11/2025,1945000,16270,0.0231,0.0525
8/12/2025,1924000,16285,0.0231,0.0525
8/13/2025,1917000,16194,0.0231,0.0525
8/14/2025,1933000,16110.5,0.0231,0.0525
8/15/2025,1909000,16160,0.0231,0.0525
8/16/2025,1896000,16160,0.0231,0.0525
8/17/2025,1896000,16160,0.0231,0.0525
8/18/2025,1894000,16160,0.0231,0.0525
8/19/2025,1897000,16240,0.0231,0.0525
8/20/2025,1890000,16267.5,0.0231,0.05
8/21/2025,1914000,16285,0.0231,0.05
8/22/2025,1916000,16340,0.0231,0.05
8/23/2025,1933000,16340,0.0231,0.05
8/24/2025,1933000,16340,0.0231,0.05
8/25/2025,1929000,16254.5,0.0231,0.05
8/26/2025,1932000,16294.5,0.0231,0.05
8/27/2025,1940000,16360,0.0231,0.05
8/28/2025,1944000,16345,0.0231,0.05
8/29/2025,1964000,16490,0.0231,0.05
8/30/2025,1980000,16490,0.0231,0.05
8/31/2025,1980000,16490,0.0231,0.05
9/1/2025,1978000,16415,0.0265,0.05
9/2/2025,2009000,16400,0.0265,0.05
9/3/2025,2035000,16414.5,0.0265,0.05
9/4/2025,2044000,16420,0.0265,0.05
9/5/2025,2042000,16420,0.0265,0.05
9/6/2025,2060000,16420,0.0265,0.05
9/7/2025,2060000,16420,0.0265,0.05
9/8/2025,2060000,16304,0.0265,0.05
9/9/2025,2086000,16475,0.0265,0.05
9/10/2025,2074000,16460,0.0265,0.05
9/11/2025,2095000,16460,0.0265,0.05
9/12/2025,2088000,16377.5,0.0265,0.05
9/13/2025,2095000,16377.5,0.0265,0.05
9/14/2025,2095000,16377.5,0.0265,0.05
9/15/2025,2093000,16410,0.0265,0.05
9/16/2025,2105000,16440,0.0265,0.05
9/17/2025,2115000,16430,0.0265,0.0475
9/18/2025,2098000,16505,0.0265,0.0475
9/19/2025,2090000,16590,0.0265,0.0475
9/20/2025,2122000,16590,0.0265,0.0475
9/21/2025,2122000,16590,0.0265,0.0475
9/22/2025,2123000,16605,0.0265,0.0475
9/23/2025,2164000,16665,0.0265,0.0475
9/24/2025,2174000,16675,0.0265,0.0475
9/25/2025,2171000,16740,0.0265,0.0475
9/26/2025,2175000,16730,0.0265,0.0475
9/27/2025,2191000,16730,0.0265,0.0475
9/28/2025,2191000,16730,0.0265,0.0475
9/29/2025,2198000,16670,0.0265,0.0475
9/30/2025,2234000,16665,0.0265,0.0475
